N1,N2,N3,N4
-0.62441,2.0321,-0.67859,-1.6984
-0.16077,-1.6486,1.9663,0.045568
0.86627,1.6367,-0.77539,-0.90814
-2.6051,-0.34446,-0.11963,1.5443
1.7422,1.2386,-0.083202,0.33168
-0.51584,-2.776,0.6652,-0.069267
0.12093,2.1316,-1.5071,-2.4613
-1.248,-0.48849,2.289,2.0055
0.66086,2.0871,-0.1571,0.62363
-0.85329,-1.0371,-0.5922,-0.51303
2.3041,-0.75299,1.1627,-0.72129
-0.56719,0.78031,-0.16543,0.46014
-0.66989,0.035266,-0.21019,0.81243
0.19282,-0.97297,0.13122,-0.37679
-0.46302,-0.77394,-0.16335,-0.55002
0.81345,1.3211,-1.0981,-0.090677
-0.12116,-0.23709,1.0951,1.7194
-0.37205,-0.2672,-1.5821,-0.80888
0.5024,-0.50813,0.4591,0.16235
0.78264,-0.15591,0.14371,0.094227
-0.59653,0.7646,-0.58907,0.51464
0.06811,-1.0096,0.072931,0.66645
-0.61121,-0.76739,0.25092,-0.63176
-0.26495,0.11645,-0.969,-1.1125
1.4737,0.55378,0.54966,0.3998
0.40263,-0.53432,0.61628,1.4528
-0.27375,0.68865,-1.7132,-1.4726
0.65352,-0.99392,1.9923,0.047514
0.92936,1.9496,-0.011381,-0.35343
-1.9801,-1.1563,-0.29971,1.3321
0.14,0.69389,-0.5006,-0.32035
-1.6206,-1.7219,-0.090488,-0.21914
0.47159,2.5663,-1.2532,-1.7587
-0.58039,-1.4326,1.7696,2.2644
0.70634,1.1901,-1.2365,0.25188
-1.1115,0.18454,-0.099856,-0.9607
2.5183,-0.38374,1.679,-0.3982
-1.1467,0.72531,-0.5287,0.63726
-1.0382,-0.27506,-0.69316,1.0557
0.5068,0.49617,0.89107,-0.48384
-1.2553,-1.4326,-0.42565,0.057246
1.2962,0.77245,-1.0783,-0.75049
-0.13583,-0.73597,1.4594,1.9841
-0.75059,1.0815,-1.0315,-0.369
0.16054,-0.80798,0.48304,-0.36511
1.2888,0.51712,0.32795,-0.2931
-1.1086,0.039194,-0.41212,1.0363
0.43344,-0.48194,-0.38298,0.051407
0.47012,-0.95856,0.18222,0.063085
-0.76086,-0.5173,-1.7278,-0.18021
0.92055,-0.0053253,-0.0051352,1.0596
0.89708,-0.51599,1.1378,1.5053
0.0417,0.33512,-1.5134,-1.2526
0.23537,-1.0934,1.1253,0.60222
0.46279,0.19894,-0.46209,0.41148
-1.1834,-0.36017,-0.62655,0.18571
0.71955,-0.45445,-0.094652,-0.12766
-0.48796,-0.8525,0.12914,-0.43323
-0.45862,0.74627,-1.7382,-0.95291
0.89855,-0.15983,1.6093,1.2912
0.037298,0.29453,0.093749,0.91559
-0.77553,1.2713,-0.9513,-1.1982
1.0145,-1.0882,2.0746,0.40564
0.33661,1.05,-0.89093,-0.60062
-1.3389,-0.68621,-0.088406,1.336
0.53321,0.92172,0.086463,-0.62787
-2.5142,-1.9445,0.29776,0.5633
1.5294,1.9011,-1.0086,-1.8619
-0.91785,-1.2532,2.2827,2.4298
-0.28842,2.3188,-1.1168,-0.93539
-0.81368,-1.1419,0.85256,-0.57532
1.6512,1.0304,0.99204,-0.55391
-1.6661,0.15442,-0.33302,0.94673
-0.12116,0.45558,-1.1147,-0.35149
0.054905,-1.3854,0.70267,-0.23081
0.13413,-0.28554,-0.91383,-1.3324
-0.57159,0.53283,0.482,0.24993
0.044635,-0.25149,0.82445,0.96619
-0.24734,0.72531,-1.4842,-0.51693
0.39089,-0.3916,0.52468,-0.44686
0.051971,1.4337,0.28735,0.23242
-1.0411,0.21596,-0.96692,0.63142
0.13267,-1.3344,0.35813,0.029997
-0.28695,-0.82631,0.14475,-0.60257
-0.72271,0.86542,-1.2448,-1.3675
0.677,0.25524,1.2158,1.7389
0.17668,0.40844,-0.19458,0.61974
-0.46889,0.48962,-0.86803,-1.4843
0.47599,-0.52515,1.9726,-0.40209
0.35128,0.95577,-0.48186,0.56524
-1.0455,-0.48325,-0.30179,0.38618
0.856,0.43987,0.66416,-0.60646
-2.589,-0.57884,0.44557,-0.80888
0.9411,1.8553,-1.0346,-1.7568
-0.57599,-1.4142,2.264,2.2741
0.10332,1.3145,-1.0367,-0.97432
-0.79167,-0.42564,0.79635,-0.6921
1.616,0.44772,0.75992,0.1098
-1.6691,-0.026276,-0.82015,0.36282
-0.3119,-0.13757,-0.32052,0.25383
0.70634,0.49486,0.55382,-1.4882
-2.0623,-1.8306,-0.70045,0.30443
1.283,1.7008,-0.71086,-0.92761
-0.049266,-1.0031,1.7737,1.9919
-0.30749,1.6432,-1.9256,-1.4025
0.52148,-1.2087,1.6166,0.65088
1.8992,1.1823,-0.087365,-1.13
-1.7351,-0.89309,-0.68588,1.2153
0.89268,0.69913,0.64854,-0.83613
-0.56719,-0.85774,0.66728,-0.29699
-0.20332,-0.27244,-1.783,-1.1592
0.99098,-0.26197,0.91085,1.4255
1.2389,-0.019729,0.63813,1.0538
-0.45715,0.80781,-1.3156,-0.14712
1.0775,-1.0607,1.2356,0.10007
-0.16371,0.61009,-0.78164,0.17792
-1.1203,-0.6286,-0.70982,0.85914
2.1237,-0.6299,0.38103,-0.043964
0.33074,-1.8097,0.15724,-0.12182
-0.059537,0.37571,-1.733,-0.1043
0.37916,-0.50813,1.9111,1.6474
0.69607,-0.47016,-0.22476,0.14483
-0.17251,0.64937,-0.91279,-0.94707
1.167,-1.4561,1.4708,1.0499
0.62418,0.84316,-1.5738,-0.071213
-0.55692,-1.2728,0.19159,0.84163
1.5456,0.2487,0.17182,-0.43129
-1.5928,-1.7429,-0.35175,0.68786
1.7847,1.418,-1.2469,-1.1086
-0.18131,-1.4011,2.01,2.1009
-0.20332,1.875,-1.3739,-1.1592
-0.70364,-1.3789,0.3675,-0.21719
2.0004,1.1954,0.7214,-0.30088
-1.3551,-0.48718,-0.29034,0.44652
0.44812,0.54593,-0.077997,0.11174
-1.248,-1.1995,0.83486,-0.24249
-1.6573,0.10597,-1.1532,-1.9709
0.23831,0.57343,0.6194,0.28497
0.52881,0.51581,0.78074,1.5618
-1.2538,0.91649,-1.1564,-1.3792
1.1817,-0.50158,1.5166,-0.56364
-0.12263,0.92303,0.48408,-0.33786
-2.03,0.21989,-0.85034,0.47571
0.42317,-0.23316,-0.036362,-0.20551
-0.083012,-0.36279,0.041705,-1.2254
-1.0176,0.6389,-0.70669,-1.0833
-0.038996,0.70436,1.2439,1.5482
0.23537,0.031338,-0.81182,0.26551
-0.61121,0.34428,-0.5235,-0.98016
0.5875,-0.64038,1.8976,0.0553
0.12093,0.83399,-0.89822,0.1351
-0.70511,-0.67442,-0.61093,0.32974
0.74889,0.89685,0.39873,-0.50914
-2.7064,-1.1838,0.37687,0.4835
2.0254,1.5332,-1.1293,-1.0658
-0.74912,-1.5347,1.5978,1.9978
-0.059537,0.98719,-1.4124,-1.3461
-0.64495,-0.22007,1.1815,-0.13544
1.4972,0.65723,0.10416,-0.055642
-1.559,-0.47016,-0.85242,0.48155
0.14147,-0.043298,-0.21123,0.55551
0.35568,0.33381,0.6017,-0.18799
-0.44541,-0.65871,-0.49123,-0.34176
1.0467,0.92827,0.0042328,-0.38263
-0.066873,-1.6879,1.6353,2.0075
-0.59066,1.7493,-1.0741,-1.7023
0.69901,-0.91797,1.8383,-0.036179
0.54642,1.1875,-0.23517,0.029997
-0.91345,-1.3409,-0.8826,1.3438
0.72688,-0.065557,-0.32261,-0.077052
-1.6808,-1.1222,0.24364,0.0553
-0.42927,0.64544,-1.4957,-1.677
1.3695,-1.083,1.3262,1.2581
0.60364,1.0697,-0.63175,1.12
-0.77113,0.36261,-0.9055,-0.57532
2.4215,-0.88393,2.2505,-0.26974
0.2163,-0.13757,-0.63071,0.084495
-1.2773,-0.40338,-0.28305,0.56135
0.9455,0.34035,-0.00097167,-0.36122
-0.44101,-2.0427,-0.23517,0.5633
0.53615,0.52498,-1.4738,-0.66485
0.74889,-0.69799,1.8768,1.7078
0.46132,-0.24363,-1.0991,0.068924
-0.33097,0.36261,-0.71294,-0.44297
1.1847,-1.4823,1.3178,0.65088
-0.3119,0.9597,-1.912,0.12926
-1.314,-0.10877,-0.054057,1.3477
1.0453,0.42677,0.2478,-0.91788
-0.86063,-1.718,-0.51517,-0.61814
1.641,1.5581,-0.54744,-0.53639
-0.20772,0.060144,2.0392,2.0017
0.24858,2.294,-1.2001,-1.2059
0.24124,-2.0401,1.2804,-0.89257
1.3666,0.70044,0.068768,-1.0308
-1.9566,-0.26328,-0.95026,2.0367
0.33661,0.61925,0.0083963,-0.18799
-1.9845,-1.1916,0.26341,-1.3792
1.2169,0.91387,-1.656,-1.6653
1.1876,0.15442,2.0506,2.5856
0.81932,0.66901,0.72245,1.083
-0.41167,0.11514,-1.1054,-0.90814
0.64032,-1.3566,1.2418,-0.60451
0.34981,1.105,-0.3913,-0.51498
-0.45421,-0.50289,-0.62655,0.50491
0.76797,-0.79358,-0.4319,0.10785
-1.6074,-0.84726,-0.53703,-0.069267
1.4869,0.72793,-0.82431,0.50296
-0.1505,-0.58146,1.1971,2.6401
0.11653,1.016,-0.3122,-0.5578
0.19282,0.23298,0.93687,-1.1651
0.36155,-0.406,0.74222,0.047514
-0.63615,-0.29732,-0.63279,1.118
-0.41167,0.25262,-0.20499,-0.14712
-0.74472,0.55509,0.5788,-1.1086
-0.83275,0.25917,-0.83056,-0.90231
0.8648,0.41237,0.97122,0.95257
-0.57746,-0.16507,1.5323,0.81243
-0.047799,1.1954,-1.6799,-1.566
0.18695,-0.75037,1.8695,0.51659
0.23097,2.472,-0.70669,-0.2094
-2.187,0.27096,0.13122,0.75209
0.27645,0.50796,-0.37881,-0.41572
-0.92959,-1.6984,0.69538,-0.5033
-0.27815,1.579,-1.0991,-2.4399
-1.157,-0.36148,2.1922,1.301
-0.037529,1.6236,-0.45584,0.27134
-1.0851,0.85494,0.78802,-0.73687
1.2184,-0.36803,1.0857,-0.26585
-1.0924,0.82483,-0.83472,0.30443
0.071044,0.066691,-0.62967,0.13899
-0.58626,0.61664,0.88482,-0.94512
-2.1356,-0.90488,-1.1647,-0.69405
1.8801,0.94267,-0.82744,-1.2624
0.47012,-0.7412,2.1797,2.2333
-0.4234,1.4062,-1.0398,-0.55391
-0.13583,-0.77525,0.82966,-1.1534
1.7128,-0.33529,0.86609,-0.63955
-1.4211,-0.010563,-1.3416,1.4917
-0.10942,-1.0345,-0.35175,0.74042
1.707,-0.78965,-0.32157,-0.51109
-0.58773,-1.6211,-1.1303,-0.15685
1.7422,0.5839,-0.059261,1.1161
0.98071,-0.1965,0.94936,1.8265
0.27499,0.30893,-1.402,-1.1281
0.96457,-1.9419,0.72557,0.55551
2.0107,-0.1271,-0.89093,0.77545
-0.55545,-0.52515,-0.37673,0.87277
0.82078,-0.92321,-0.21123,-0.25417
0.022626,-1.0293,0.2478,-0.49552
0.51267,0.81173,-1.3801,0.40175
0.42024,-0.39421,0.67977,2.3072
1.3607,-0.091745,-0.32885,-0.43907
-0.30896,0.077166,-0.39026,-1.2974
1.0775,-0.92452,1.0108,0.41343
-0.036062,1.3761,-0.86699,0.71901
-0.72565,-0.69407,-0.98565,0.44262
1.5221,0.92827,0.42475,-1.6186
-1.3742,-1.6866,-0.0040943,0.68008
1.9623,1.6838,-0.45688,-1.4804
-0.24881,-1.4011,1.9132,1.6533
-0.53785,1.5817,-0.90238,-1.1982
-0.30309,-1.1694,0.84423,0.31806
1.0702,0.49486,0.41955,0.33168
-0.61561,0.20418,-0.40275,0.62753
0.25298,-0.38112,0.084381,-0.13934
-0.70364,-0.63121,0.74222,-0.76411
-1.3404,0.63235,-0.87948,-1.4239
0.65499,0.65854,0.80676,0.70343
0.59484,0.42808,1.1804,1.4625
-1.2069,0.30762,-1.0845,-0.97821
0.97044,-0.27768,1.6561,-0.65123
-0.7814,0.1374,-0.099856,-0.37484
-1.6735,0.59045,-0.87011,0.36477
0.044635,-0.71109,0.40497,-0.11209
0.18695,-0.32613,-0.093611,-0.478
-0.52171,1.0199,-1.1699,-1.3889
0.32487,0.16751,1.9934,1.2309
-0.73885,0.44772,-0.56617,0.36088
-0.65962,1.1797,-0.42253,-1.5913
0.55962,-1.0895,1.9288,-0.026447
0.10626,1.3486,-1.0179,-0.049803
-1.3389,-1.3173,-0.1748,0.93505
1.0159,1.1954,0.31234,-0.877
-2.3205,-1.6984,0.34252,0.42121
2.6739,2.2796,-0.8545,-1.9747
-0.74912,-1.2728,2.0642,2.387
-0.53638,1.9116,-1.0491,-1.2351
-1.2128,-0.87214,1.0295,-0.13739
2.2176,0.98327,0.36126,-0.52861
-1.6925,-1.083,-0.47249,0.71122
0.55082,0.8628,-0.37465,-0.73492
-0.40726,-0.26982,0.73598,-0.17632
0.29553,0.079785,-0.90342,-0.57143
0.38503,-0.18078,1.067,0.51269
1.5089,-0.24233,0.76408,1.9763
-1.0895,0.9178,-1.1959,-0.58116
0.59337,-0.79751,1.2408,-0.092623
-0.20919,-0.32089,-1.4312,-0.15491
-1.1335,-0.3916,-1.0544,0.45819
0.6858,-0.28946,0.028173,-0.0089299
0.019692,-0.95987,0.40081,-0.092623
0.098921,0.3469,-1.5196,-0.40988
0.85306,-0.77656,1.4021,1.8362
-0.096217,0.19108,0.027132,-0.043964
0.065175,0.92958,-0.30179,-1.2565
0.76943,-1.0057,0.72245,0.23631
0.23537,0.41761,-1.1959,0.42705
-0.68163,-0.97689,-0.16439,0.30638
0.48626,0.36654,0.37063,-0.47605
-2.319,-1.0214,-0.042607,0.047514
2.6254,1.6026,-0.63695,-1.3772
-0.00084878,-1.4365,2.0714,2.099
0.10186,1.6118,-1.3042,-0.2094
-0.78287,-0.27244,0.58401,-0.5072
1.2551,0.19632,0.43308,0.024158
-0.96627,0.10597,-1.0346,-0.5072
0.43931,0.542,0.17182,-0.047857
0.065175,0.17799,0.33419,-0.33008
-1.1057,-0.55658,-0.7171,-0.028393
0.75476,0.61533,0.63813,-0.45464
0.40263,0.073238,1.2398,1.3243
-0.20479,1.4808,-1.0117,-0.67847
0.99538,-1.663,0.9452,0.070871
0.80024,0.57081,-0.27785,-0.33786
-1.6382,-0.46099,-0.85138,1.4722
0.24858,0.22513,0.151,0.29859
0.20749,-1.8359,0.74847,-0.18021
0.57576,1.6707,-1.3833,-1.5991
-0.071275,-1.0659,1.4271,2.2488
0.49947,0.45689,-0.20499,0.3998
-0.8709,-0.41647,-0.46729,-1.4492
0.92349,-0.27768,0.32795,0.60612
-0.3119,0.59307,-0.70669,1.3282
0.20749,-0.12055,-1.0637,0.28302
0.38356,-0.41647,0.49137,-0.28531
-0.956,-0.66395,-0.82848,-0.87895
1.7627,1.0068,-0.21227,0.13121
0.45105,-0.68883,1.73,1.8343
-0.26054,0.55771,-1.0835,-1.0561
-0.38379,0.44903,0.96185,-1.1378
1.0027,-0.21876,0.92646,0.51853
-0.72858,0.1793,-1.0325,0.54189
-0.52757,-0.95463,0.078136,-0.39041
-0.67429,1.2294,-0.026994,-1.2604
-1.5634,-0.67442,-0.58283,-0.33786
1.8097,1.5869,0.29256,0.23242
-0.16077,-1.1916,1.2085,1.6377
-0.12996,2.7588,-0.98669,-2.0954
-0.67576,-1.337,1.7737,0.57303
1.2448,1.6301,-0.82119,-0.13155
-2.3748,-1.3448,-0.038444,0.67424
0.34688,0.89292,0.02401,-1.3986
-1.1922,-1.7573,0.51219,-0.18021
1.0423,1.5083,-1.5051,-1.1982
0.095987,-1.0397,1.2179,2.3014
0.32927,1.7466,0.13018,0.006641
-1.1101,-0.36017,-0.41316,-0.36122
1.6835,-0.21483,0.65583,0.018319
-0.43074,-0.33005,-0.35279,0.63531
0.14587,0.25262,-0.8597,0.58665
0.55669,-0.28161,1.0368,0.088388
-0.97947,-0.50682,-0.39443,-0.93734
0.92642,0.34559,-1.2094,-1.7392
0.15174,-0.34053,1.5822,2.677
-0.60974,1.4782,-0.74729,-0.014769
0.18549,-0.24233,0.90252,-1.0716
1.528,-0.087817,0.13851,-0.059535
-0.92665,-0.010563,-1.1418,0.70343
-0.86356,-0.010563,0.039623,-0.2094
0.98071,0.33904,0.8588,-0.32424
-1.2186,-0.79227,-0.57242,-0.42934
1.123,1.0252,0.46222,-0.13544
-0.16077,-0.17555,1.9975,1.9841
-0.73152,1.7074,-1.4468,-1.3869
0.53028,-1.0777,1.3553,-1.1748
1.258,0.45427,-0.2487,0.035836
-1.5693,-0.16376,-0.83889,1.046
-0.28549,0.016934,-0.42565,-0.23665
-1.27,-1.4692,0.7391,-0.80109
0.54935,0.61794,-1.81,-0.91398
1.0893,0.30107,1.2127,1.2348
0.11359,0.010387,0.3675,0.91364
-0.84742,0.8065,-1.097,-1.6808
0.93669,-1.7141,1.5271,0.60612
0.17375,1.6039,-0.46937,-0.24249
-2.1386,-0.71371,-0.76394,0.61974
1.2756,0.56819,0.12706,-0.92566
-0.56719,-1.3344,0.51323,1.1745
0.5919,1.7885,-1.4343,-1.7159
-0.41313,-1.3697,2.1235,2.0114
0.45692,1.4848,-1.5758,0.041675
-0.47182,0.52105,-0.19145,-0.39041
2.3056,-0.15983,1.27,-0.48384
-0.50997,-0.29077,-1.2657,0.23826
-0.55398,-0.72549,-0.26328,0.36088
0.90442,0.019553,0.36334,0.049461
-1.6162,-1.4457,-0.21852,-0.20746
2.1647,1.2491,-0.84617,-1.2312
0.90588,-0.52123,2.4566,1.8946
-0.82982,0.1937,-1.6341,0.44846
0.32194,0.057525,0.002151,-0.16075
1.2404,-0.64038,0.089586,0.87471
-0.18425,0.14395,-1.3635,0.56719
-0.037529,-0.3497,-0.032198,0.15067
0.00502,0.54855,0.35189,-0.22887
-0.94133,-1.0267,-0.68275,-0.51303
1.2008,0.19894,0.54029,-0.31451
0.65793,-0.85905,0.97018,1.7525
0.77383,2.4354,-1.452,-1.6186
0.082782,-1.3082,1.7207,0.48739
0.92789,0.93482,-0.45168,0.0046946
-2.0021,-1.1785,-0.77435,1.2523
0.43198,0.49355,-0.20603,-0.45075
-1.6001,-0.97427,0.36022,-0.19383
1.17,1.3931,-1.6747,-1.1086
-0.32217,-0.69145,1.9621,1.4294
-0.36178,1.0854,-0.22893,0.080602
-1.7571,0.72008,-0.34551,-0.9607
0.52294,-0.27899,1.0597,-0.71156
-0.47769,0.66246,-0.55056,-0.069267
-0.59947,0.15442,-0.29138,-0.11209
0.48773,0.89815,0.86609,-0.71935
-1.3507,-0.95725,-0.13316,0.057246
0.87947,1.1613,-1.1793,-1.4395
0.13707,-0.79882,2.2297,1.4255
-0.79461,1.1954,-1.0242,-0.23471
-0.72418,-0.27899,0.030255,0.1059
1.0702,-0.39552,0.70891,-0.39625
-0.84889,0.11121,-1.2563,0.34336
-0.85036,-0.12317,-0.080079,0.30054
0.85013,0.89161,0.25405,-0.24444
-1.1878,-1.3422,-0.54952,-0.086784
0.86187,1.583,-0.013462,-0.93734
0.23244,-0.44135,2.188,1.2504
0.027028,1.545,-1.3843,-0.76217
-0.19012,-1.4954,0.94416,0.14289
0.64472,0.31286,-0.56617,-0.094569
-1.5414,-0.20435,-0.50788,0.31222
0.67406,0.022172,0.34564,0.55162
-0.95306,-1.388,0.11457,-0.24638
0.20309,0.32071,-1.5946,-1.2721
0.68727,-0.072104,1.7352,1.6649
0.22363,0.4019,-0.013462,1.7992
-0.34124,0.41106,-0.8774,-1.5602
1.1949,-1.2741,1.2887,-0.2094
0.37329,0.86018,-0.74937,-0.40988
-0.98094,-1.4155,-0.99814,1.3049
1.1186,0.24084,0.055236,-0.93539
-1.6573,-1.9236,0.087504,-0.045911
2.2557,2.5532,-1.1886,-0.93929
-0.06834,-1.4614,2.4514,3.3699
0.28966,1.7362,-0.99606,-0.99378
-1.3155,-1.2925,-0.039485,-0.73492
1.4179,0.55509,0.87442,-0.05175
-1.1555,-0.69276,-1.248,1.3886
-0.16518,-0.25018,-0.58803,-0.10041
0.83546,-0.16769,0.3623,-0.22692
-0.33977,-0.6849,-0.08112,-0.12376
0.91615,0.53153,0.16765,0.40954
0.71368,-0.78179,1.9153,0.60222
-0.062471,0.95446,-1.6914,-0.93345
0.00061843,-0.31303,1.2137,-0.042018
1.4664,-0.57098,-0.25703,0.098119
-0.77847,0.18454,-1.8839,0.75988
-0.25908,-1.083,0.42475,0.73263
-0.68603,-0.63252,0.018805,-1.1826
-0.43074,-0.11924,-0.59844,-0.74076
1.7393,0.59307,1.1992,0.22853
-0.33831,0.20025,0.58088,1.3224
0.056372,1.1875,-0.67963,-0.96459
0.94843,-1.2781,1.2804,0.46987
0.12386,1.2334,-1.4717,-0.010876
-1.9698,-1.3396,-0.32469,0.39591
1.3255,0.43594,0.27382,-1.1495
-1.9082,-2.1815,-0.22164,-0.045911
0.49507,2.0661,-1.6716,-1.1651
-0.27081,-2.0742,2.3847,3.403
1.1524,1.854,-1.1751,-0.4527
-1.3962,0.079785,0.49865,-1.3422
1.9799,-0.093055,0.63501,0.10201
-0.79314,-0.81191,-1.0564,1.1608
-0.44835,0.022172,-0.41316,0.13705
0.20896,-0.25542,0.88482,-0.88284
-0.2268,0.009078,-1.2313,-0.092623
0.63738,-0.6155,-0.4142,1.155
1.2228,-0.16114,0.76929,1.445
-0.79901,0.48962,-1.0731,-1.3792
0.75623,-0.9638,0.38103,-0.52277
0.16495,0.26965,-0.7806,0.84746
-0.96627,0.17275,-0.38194,0.90391
0.58016,0.26572,0.080218,0.0553
0.42611,-0.70847,0.42267,-0.56559
0.18549,1.0409,-0.87948,-1.1398
-0.55545,-0.41386,0.40497,2.4999
0.22803,0.80257,-0.13525,0.066978
-0.20772,-0.044607,-0.099856,-1.64
0.88681,-0.27899,1.3126,-0.36511
-0.8709,1.0356,-0.26744,0.73847
-0.89584,0.85364,-0.27785,0.07671
0.046102,0.97803,0.55903,-0.6376
-1.9009,-1.5753,0.21657,-0.92177
1.4223,1.9836,-0.055098,-0.77774
-1.3918,-0.69537,2.1943,1.7934
-0.78874,2.4576,-1.1324,-1.3071
-1.1467,-1.0738,1.3449,-1.9592
0.85893,1.3342,-0.071752,-1.1261
-2.1239,0.09026,-0.30491,1.4333
0.44812,0.72924,-0.16751,0.50296
-0.956,-0.018419,0.40914,-1.2293
-0.25761,-0.052463,-1.1158,-1.5037
0.14881,1.6052,1.372,0.61196
0.82519,-0.044607,1.423,2.1982
-1.1027,0.67556,-1.4468,-1.6049
0.46719,-1.4273,1.9184,-0.7719
0.80024,0.45427,-0.3351,-0.40015
-0.97654,-0.23709,-0.93881,1.4508
0.80171,-0.39291,0.16245,0.070871
-0.46155,-1.5858,-0.19978,-0.49163
0.44078,0.55248,-1.4645,-1.0814
0.6007,-0.9363,1.6905,2.2625
0.38062,0.68472,-0.60989,0.66645
-0.19745,-0.7687,-0.9971,-0.22887
1.9696,-1.0751,1.0181,0.037783
-0.090348,-0.23054,-1.1949,0.97592
-0.087414,-0.31434,-0.67443,0.5594
1.2609,-0.23971,0.055236,-0.0030908
-0.56132,-1.4718,-0.14149,0.031944
2.401,0.53022,-0.60989,-0.54223
0.36155,-1.6421,2.1058,2.2994
-0.27815,0.48308,-1.9256,0.28692
-0.19745,-0.27899,0.19992,0.3998
1.2081,-0.48194,0.39248,0.59055
-0.65669,-0.27768,-1.2584,-0.12766
-0.38526,-0.66657,-0.21852,0.65283
1.2697,0.28798,0.44661,-0.65901
-1.3125,-1.8293,-0.69316,0.18376
1.3989,1.2674,-0.17896,-0.12571
-0.015521,-0.87869,1.7685,1.1861
-0.44541,1.6589,-1.5134,-1.3675
0.19282,-1.2492,0.8536,0.40759
0.98071,0.76722,-0.39963,-0.057589
-1.2465,-1.3317,-0.58491,1.2543
0.013823,1.1365,-0.43294,-0.88479
-1.1805,-0.67442,1.1586,-0.21914
1.346,1.7021,-0.87324,-0.80888
-0.5173,-0.85119,1.1253,1.2289
0.51854,1.3263,0.40393,-0.0011445
-1.5238,-0.087817,-0.8774,-0.98405
0.12533,-0.74251,0.68914,-0.27947
-0.36618,0.86542,-0.42982,0.30249
-0.77993,0.46213,-0.46,-0.053696
0.0020856,0.32071,0.45494,-0.23665
-1.5018,-0.73597,-0.32157,-0.23471
1.0952,0.71746,-0.60989,-0.78358
-0.67136,0.21334,1.5978,1.5306
-1.1277,1.2176,-0.28513,-0.57143
-0.069807,0.60092,0.4539,-1.0191
0.1312,-0.49111,0.88066,0.03389
-1.2406,0.67425,-0.60573,-0.29504
-0.85036,0.53414,0.29672,-0.39236
0.16641,0.74234,0.38624,-0.4527
-1.2582,-1.1707,-0.82952,-0.64928
0.29993,1.0095,0.22074,-0.58116
0.069577,0.28143,2.1859,1.5968
-0.20479,1.7663,-0.99918,-1.1261
-0.28255,-2.721,0.95248,0.53216
0.91028,1.5411,-0.18833,-0.59673
-2.432,-1.2139,-0.10818,0.86304
1.3402,1.0566,-0.6151,-0.31451
0.040233,-1.6944,0.83278,-0.05175
0.7841,1.1823,-1.0231,-1.3714
-0.7726,-0.73204,1.4927,1.9686
0.92936,0.92827,-0.25703,0.09228
-0.79461,-0.35755,-0.094652,-1.0794
1.2609,-0.70061,0.29672,0.11953
-0.62001,0.58259,-0.92632,0.54189
-0.16958,-0.47409,-0.71606,0.37839
0.22217,-0.16769,0.0063145,0.15456
-0.72711,-1.2702,-0.49852,0.086441
2.0679,1.5083,-0.58491,-0.8809
0.038766,-1.1602,1.5104,2.6848
-0.36031,0.63759,-1.0356,-1.1787
-0.012586,-0.72811,0.24572,-1.1028
1.3064,-0.026276,0.31129,0.070871
-0.37792,0.4032,-0.9742,1.1083
0.10772,-0.34053,0.069809,0.84746
0.69901,-0.49242,0.14059,-0.56753
-0.8577,-1.1602,-0.89301,-0.83418
1.8097,1.0658,1.0014,0.2402
-0.45568,-0.34053,1.0326,2.3773
-0.6875,0.93351,-1.7413,-0.77969
0.67847,-0.90488,1.4854,-0.33397
1.3255,1.0343,-0.15606,0.2694
-1.942,-0.85381,-0.84721,1.3418
1.0438,0.12169,-0.050934,-0.34954
-0.43514,-0.2803,1.2512,-1.021
0.65646,1.1561,-0.6203,-1.311
-0.73592,0.15573,1.729,1.8284
0.93816,0.46998,-0.4371,1.1336
-0.8709,-0.36279,-0.78164,-1.2935
1.7246,-1.21,0.56111,0.15456
-0.011119,0.94267,-1.2938,0.3745
-1.0822,-0.67966,-0.82015,1.0032
0.40116,0.63366,0.32274,-1.2429
-1.5399,-1.1838,0.19576,0.078656
2.1633,0.70306,-1.0044,-0.52471
-0.55692,-1.0005,1.6686,2.4668
-0.011119,1.1522,-0.689,-1.0191
-0.05807,-0.80667,0.37063,-0.81277
1.4062,0.18846,0.12914,-0.33202
-1.1511,-0.70716,-0.67859,1.1686
0.20309,0.50141,-0.91071,-0.3476
0.00502,-1.3278,0.24572,0.22269
-0.80194,-0.29863,-0.62759,-1.4142
0.6682,0.93089,0.87233,0.23242
0.98951,-0.027585,1.1763,2.2196
-0.77113,0.78293,-1.3062,-0.63371
-0.19159,-1.1497,1.7394,-0.36706
0.12827,-0.29208,-0.83472,-0.45464
-1.9317,-8.7729e-05,-0.98877,0.65283
0.3058,0.63104,0.75055,0.36088
-0.22386,-0.14412,0.5049,-0.72324
0.17962,-0.37065,-1.1033,-1.42
-0.12703,0.24215,1.119,0.79881
-0.17398,0.66639,0.2988,0.95646
-0.76966,0.67687,-1.1688,-1.1787
0.6902,-1.1982,1.4209,-0.33397
-0.20919,1.7584,-0.92632,-0.41377
-1.4284,-0.99915,0.18118,0.95451
1.6791,1.2713,0.39353,-0.92566
-1.9111,-1.684,-0.024912,0.78324
0.85453,2.5257,-0.37257,-1.4395
-0.92225,-1.1288,2.4659,1.8732
0.5875,1.4494,-1.2906,-1.3441
-0.46302,-1.6656,0.022969,-0.16075
1.5559,0.72401,0.0031919,-0.32813
-2.5567,-0.066867,-0.68484,0.58471
0.44225,0.98327,-0.3632,0.52437
0.25591,-0.74513,0.98891,0.068924
0.12533,-0.090436,-0.96067,-0.16269
0.090118,1.3499,1.1513,-0.39041
0.68287,-0.3785,1.3085,1.1102
-0.77553,0.59176,-1.7091,-1.0366
0.53468,-1.3527,0.91501,-1.0853
0.022626,0.56688,-0.21435,-0.67458
-0.4997,-0.23971,-1.1876,1.6533
1.2727,0.20549,0.26862,-0.057589
-2.3498,-0.7412,0.17077,-0.38652
-0.85036,0.1374,-0.85658,-2.1227
1.1891,0.43463,1.6363,1.4255
0.19576,-0.53563,-0.0061761,0.95841
-0.4997,0.52891,-2.0942,-1.7431
0.65646,-1.1222,1.9392,-0.22303
0.54055,1.2124,-0.56097,0.31806
-1.358,-0.087817,-0.37569,0.2149
1.1597,-0.087817,0.48721,-0.80693
-0.46595,-1.172,0.38728,-0.077052
0.29699,1.0121,-1.2532,-0.86532
0.087183,-1.4535,1.806,1.3808
-0.28842,0.53545,-1.1158,0.13705
-0.94719,0.65592,-0.26432,-0.6376
2.2454,-1.0424,0.77865,0.41927
0.37622,0.60354,-1.0616,-0.19967
-0.74619,-1.7769,-0.53703,0.65088
1.2345,0.94267,0.65375,-0.70767
-2.4731,-1.7246,-0.013462,1.0693
2.0224,2.0543,-0.87428,-1.2449
-0.12556,-2.412,1.9632,2.1593
-0.12996,2.2638,-2.0182,-0.42934
-0.98974,-1.2964,0.77137,-0.73687
1.2272,-0.021038,-0.41316,-0.34565
-1.0396,-0.79096,-1.0939,1.0849
0.45545,0.70306,0.3394,0.11758
0.38503,0.3888,0.46847,0.037783
-0.45862,-1.134,-0.15294,-0.17048
0.20163,0.85494,0.47159,-0.56753
0.51414,-0.58277,1.373,1.0246
-0.65375,0.72139,-2.0213,-0.58505
0.63298,-0.83286,0.65583,0.22269
0.84866,0.12692,-0.56617,-0.35927
-0.33684,-0.29732,-0.99398,1.4002
1.3152,-0.090436,0.89836,0.87861
-0.46448,-0.38767,0.43516,-0.69794
-0.074209,0.34559,-0.969,-1.3013
1.1406,-0.70192,1.2616,1.1044
0.32047,-0.37719,0.23739,0.31222
-0.8621,0.20156,-2.2524,-1.2312
0.50827,-1.3671,1.2023,0.90586
0.38943,1.8671,-0.80558,0.13121
-0.7007,-0.68097,-0.34967,-0.047857
0.73422,0.64675,0.52468,-0.66096
-1.6045,-1.5805,0.26341,0.36672
1.9799,1.7244,-0.65985,-1.2079
-1.1174,-1.0895,1.9174,2.0425
-0.55839,1.9719,-1.5467,-1.0269
-0.89584,-0.33398,0.72036,-0.54612
1.214,0.40451,0.65375,-1.5251
-1.3786,-0.19388,-0.69524,0.22658
0.29553,1.0081,-0.33197,0.0085873
-0.47622,-0.0027065,1.321,-0.6629
-0.58773,-0.54741,-0.87011,-0.8517
-0.1329,1.0671,0.42371,0.051407
0.50827,0.13347,1.094,1.2757
-1.6984,0.59438,-1.3458,-0.76411
0.012356,-0.50551,1.0045,-0.44297
-0.20039,0.9597,-0.058221,-0.69015
-1.3404,0.25524,-0.5464,0.85136
0.34541,0.33119,0.431,-0.080945
-0.82835,-0.070795,0.7162,-0.80888
-0.13436,1.2451,-1.1595,-1.3305
0.87654,0.19239,1.3897,0.83773
-0.4058,-0.34053,-0.20707,0.30443
-0.50263,0.24608,-1.2781,-1.202
0.73715,-1.1733,1.2273,-0.045911
-0.1285,0.75281,-0.73272,0.31416
-1.0073,-0.96642,-0.28201,0.80854
1.4561,0.35999,0.30921,0.11758
-1.5458,-1.2113,0.34564,0.58471
1.6879,1.3774,-0.77227,-1.4064
0.37035,-1.7141,1.6374,2.7276
-0.39259,0.91649,-1.7007,-0.19578
-0.40873,-0.22923,0.16245,-0.55585
1.5881,-0.36017,0.57984,-0.049803
-0.3163,-0.30387,-1.1272,0.37256
-0.54812,-0.44266,-0.40275,0.52048
1.4576,0.71091,0.057318,-0.62398
-0.17545,-1.4286,-0.41941,0.37645
1.6527,1.3014,0.20096,0.059192
0.22803,-1.8306,1.296,2.6692
-0.62441,1.3564,-1.9547,-1.638
-0.18425,-1.7953,1.1284,0.46014
1.5881,1.3643,-0.88989,-0.7972
-1.6969,-1.0856,-0.77123,1.554
1.459,0.88768,0.062523,-0.37484
-0.3119,-1.2322,0.75263,0.072817
0.043167,0.073238,-1.478,-1.5057
1.0497,-0.38505,1.0639,1.0849
0.32047,-0.044607,0.58505,0.69176
-0.80047,0.42416,-1.5946,-0.85754
0.56402,-1.0463,1.1908,-0.082891
0.43784,0.18716,-0.46937,0.2947
-0.9516,0.1937,-0.8545,0.87471
0.6814,0.20025,0.46118,-0.0069835
-0.36912,-0.38374,0.35501,-0.16658
-0.13143,0.071929,-0.77956,-1.9339
-0.0081848,-1.1864,1.4323,1.628
-0.63468,0.9597,-0.13004,-0.16658
-0.72418,0.1793,-0.5516,-0.94123
1.5999,-0.77132,0.77137,0.10785
-0.30749,1.0514,-0.79101,0.56524
-0.55398,0.57866,0.35813,0.46793
0.86774,0.68865,0.88691,-0.84391
-1.5091,-2.0454,-0.41212,0.27134
1.214,1.6458,-0.26848,-1.4298
-0.7682,-1.1628,1.5958,2.0211
-0.98681,1.6943,-2.4887,-1.4317
-0.61854,-1.9825,0.85984,-0.54223
1.5236,1.0618,-0.40796,-0.56169
-2.1107,-0.43088,-0.39963,0.70733
0.57283,0.31155,1.0514,-0.55196
-1.2025,-0.77787,1.4927,-0.46243
0.57429,1.2595,-1.2657,-1.5719
0.27499,-0.39814,1.9153,1.7311
1.126,0.19894,-0.57971,1.5968
-1.047,-1.2741,-1.1116,-0.89063
1.2859,-1.1524,0.18847,0.03389
-0.55398,1.2019,-0.5922,0.8533
-0.43954,0.019553,-0.44439,1.083
1.3519,-0.051154,0.52676,-0.5578
-0.93839,-0.84072,0.43828,-0.45075
1.6087,1.3342,-0.46937,-0.39236
-0.58773,-0.96249,0.40497,2.3481
-0.55985,0.63104,-1.1751,-1.6847
-0.36618,-1.0293,-0.17688,-1.13
0.54495,0.58783,0.12393,0.86887
-0.65962,0.088951,-0.23205,1.299
-0.056602,0.61925,-0.31116,-0.25028
0.27645,0.10597,0.88795,-0.91788
-1.1174,0.34559,-0.68171,-1.0833
0.27352,1.0579,0.91709,-0.51887
0.16201,-0.56705,1.3907,0.79297
-0.84009,1.7532,-1.478,-2.7007
-0.35591,-1.4915,2.2578,-0.24055
0.3953,1.456,-0.91071,-0.62398
-2.5083,-0.40469,0.21449,0.38229
0.35862,1.5725,0.43204,-0.46632
-1.8246,-1.1615,0.87962,0.91753
0.10186,0.59307,-1.6549,-0.96653
0.70634,-0.22268,1.8102,0.26356
-0.34124,0.85102,0.35189,-0.53639
-1.1585,1.2844,-1.0648,-0.41961
1.5691,-1.0738,1.4094,0.81438
0.37182,1.0042,-1.1147,-0.2133
-0.70804,-0.54218,-0.40692,0.31027
1.5515,0.91518,0.5278,-0.81472
-1.628,-1.4299,-0.056139,-0.21135
1.8376,0.90994,-1.6039,-1.6964
-0.15344,-1.5648,1.984,2.7023
-0.37499,0.51712,-1.019,0.81243
-0.056602,-0.62598,-0.21019,0.52048
2.1339,-0.58408,-0.15502,0.40564
-0.19745,-0.052463,-1.3364,1.0888
0.20896,-0.90619,-0.031157,0.5341
1.5515,-1.0987,0.39353,-0.62982
-0.17545,-1.7403,-0.48394,-0.036179
1.3108,0.074548,0.12498,0.43484
1.2463,0.123,1.4136,1.011
0.00061843,0.86018,-2.0245,-0.29894
1.0731,-1.7874,0.035459,1.0596
0.81345,-0.045916,-0.55889,0.34141
-0.56279,-0.24233,-0.78788,0.59444
0.20456,-0.72156,0.31234,-0.21524
-0.95013,-0.46361,0.31858,-0.26779
-0.60387,0.2356,-0.92632,-0.31451
0.7665,0.10204,1.1503,-0.071213
0.71515,-0.39421,0.050032,0.47571
-0.20772,0.30631,-1.2448,-1.6594
0.98364,-1.3789,1.2335,1.0732
-0.019922,1.5371,-0.75457,-0.9607
-1.0484,-0.43088,-0.21852,0.75015
0.63592,0.81435,0.28111,-0.51887
-2.3322,-1.2283,0.25405,0.82605
1.2287,1.8501,-0.50893,-1.7976
-0.73885,-1.2479,1.7342,2.1204
-0.38672,1.2988,-1.6268,-1.313
-1.4519,-0.75823,0.1281,-0.91982
1.0145,1.2425,0.040664,-0.78552
-1.0851,0.62711,-0.089447,0.65478
-0.027258,1.1247,-0.13837,-0.05175
-0.53198,-0.7268,1.0587,-0.29894
-0.84302,0.53545,-0.77019,-2.0098
-0.028726,0.049669,1.4677,0.47571
-0.78727,0.86411,0.17598,1.9102
-2.1767,0.4163,-1.1741,-1.5582
1.0805,-0.35886,1.0472,-0.66096
-0.83129,1.0147,0.0063145,-0.2094
-1.4754,1.033,-0.39026,1.0032
-0.39993,0.35476,0.51947,-0.053696
0.066643,-0.61157,0.59962,-0.97432
-0.80634,0.77769,-0.50788,-1.8113
0.16201,-0.027585,1.118,1.3749
-0.19745,-0.25018,-0.33614,0.81048
1.0922,0.77114,-0.77539,-1.7996
0.054905,-0.60895,1.4563,0.60222
1.0027,2.2246,-0.42149,0.34725
-1.3551,-1.0908,0.02401,1.1161
1.3123,0.80519,0.68706,-1.1164
-2.2413,-2.0375,0.72245,1.0285
2.442,1.9994,-1.2469,-1.8288
-0.8753,-1.811,1.2346,1.4061
0.45692,1.4298,-1.708,-0.77969
-1.1717,-0.97035,0.47784,0.15456
1.3739,0.74234,0.12498,-0.15296
-0.74619,-1.0136,-0.74729,-0.040071
0.9631,-0.23316,-0.24766,0.41148
-0.25908,-0.011872,0.98995,0.24799
0.18255,-0.1415,-0.61301,-0.67458
0.96017,-0.17424,0.60691,0.39591
1.1788,-0.69014,0.74535,2.2605
-0.73592,0.75936,-2.0546,-1.06
0.80465,-1.1615,0.69642,-0.26585
0.92936,1.0016,-0.76915,-0.42545
-0.86356,-1.2663,-0.97108,1.2873
0.66086,-0.43219,0.36542,-0.19773
-0.81074,-1.0908,0.50282,-0.3982
0.53028,0.68472,-0.96796,-1.1826
0.41437,-0.70061,1.4584,1.9277
-0.3339,0.55378,-0.81495,0.69565
-0.91932,0.2775,-0.65049,-1.1028
1.3813,-1.2414,1.2533,-0.26196
0.23684,1.0396,-1.4218,0.44652
-0.82102,-0.25411,-0.4038,0.68397
0.94403,0.88768,0.99516,-0.62787
-2.0329,-1.083,-0.062384,-0.25612
2.0063,0.71484,-0.86803,-1.2235
-0.09475,-1.0712,1.5406,1.5618
-0.51144,0.83007,-1.7622,-0.26001
-0.49236,-0.95463,0.053155,-0.27558
1.0731,-0.27899,0.14267,0.0553
-1.3448,0.61402,-0.46625,0.13899
-0.1329,0.38356,0.42892,0.87471
1.0086,-0.22268,0.40706,-0.3476
-0.29869,-1.4627,-0.82119,-0.72908
0.4085,1.0016,0.80988,-0.52471
0.065175,-0.48194,1.3834,2.0153
-0.015521,1.1103,-1.5602,-1.35
1.0467,-1.7442,1.2471,-0.5325
0.69607,1.3512,-0.87115,-0.2892
-1.9918,-0.21614,-0.65569,1.8946
1.7172,0.25655,0.71932,0.01248
-1.2905,-1.6002,0.52988,-0.6668
1.1788,1.7781,-1.452,-1.6984
-0.17104,-1.3802,2.1464,2.2878
0.66966,0.67818,-0.91591,0.14872
-1.383,-1.3056,-1.3479,-0.95096
1.3358,-0.20828,1.2054,-0.28531
-0.26054,1.4062,-0.68692,0.39007
-0.53638,0.0038404,0.015683,0.35893
0.54935,-0.0053253,1.2908,-0.33981
-1.4798,-0.74644,0.52988,-0.43129
0.31753,1.2595,-0.037403,-1.1417
0.073979,-0.52253,1.5354,1.3088
-0.046332,0.5145,-1.0481,-0.34954
-0.64789,1.1941,-0.19666,-1.5115
0.37769,-1.3894,1.1711,0.75793
-0.24587,1.1221,-1.2355,0.43678
-1.0352,-0.90619,-0.050934,0.50491
0.74302,1.4952,0.93375,-1.204
-1.9962,-1.0437,0.35813,0.14483
2.4993,1.3761,-0.46833,-0.72324
-0.62294,-1.9288,1.4302,1.4255
-0.093283,2.3044,-1.6883,-1.2663
-0.67723,-1.4653,1.2283,0.53216
1.864,1.2059,-0.56097,-0.29699
-1.2626,-1.0568,-0.60885,0.76961
1.0687,0.14787,0.12914,-0.20746
-1.5942,-0.44659,1.653,0.29859
0.88094,0.97803,-1.5332,-1.1865
1.4678,-0.48194,1.3137,1.4177
0.89708,0.064072,0.43412,0.43095
-0.72418,1.0081,-0.95026,-1.9592
1.1964,-1.3357,1.3668,-0.13544
0.091585,0.19763,-1.0689,0.1351
-1.424,-0.72025,-0.96692,1.0518
0.91909,1.0815,0.63189,-0.19967
-1.5517,-1.57,0.097913,0.18765
0.33954,1.2046,-1.1251,-1.6205
-0.28108,-0.95332,1.8674,1.9374
-0.62294,0.52498,-0.97941,-0.65901
-1.1673,-0.068176,-0.40171,-1.0677
1.4634,-0.59979,1.3699,-0.11793
-0.22827,0.32726,-0.63487,0.93894
-0.31923,0.85364,0.19784,-0.12376
0.90442,0.10597,1.0472,-0.25612
-0.68897,-1.1209,-0.4267,-0.45075
1.3827,0.45034,-0.042607,-0.49357
-0.28695,-0.51075,1.2252,1.7058
-0.35885,1.3983,-1.8121,-0.44881
0.32047,-1.8254,0.2249,-0.41766
1.5881,0.035266,-0.32677,-0.010876
-1.6045,-0.34315,-0.78268,1.118
-0.16958,0.73841,0.7214,0.36282
-0.3163,-0.17162,0.54133,-0.46438
-0.82542,-1.0057,-0.42878,-0.46438
1.5852,0.91256,0.81717,-0.50914
0.20896,-0.69668,0.75992,1.5443
-1.0162,1.3538,-2.5782,-1.0989
0.35568,-2.2234,1.3064,0.76961
1.3739,1.8003,-0.65465,0.070871
-1.9302,-0.44004,-0.25703,1.4878
1.6365,0.779,0.80259,-0.56948
-0.47916,-2.01,0.85568,-0.75244
0.2163,1.5332,-1.427,-1.8716
-0.071275,-1.2741,1.2658,2.0659
1.17,0.72531,-0.68796,-0.014769
-1.0543,-1.1746,-0.95755,-0.86143
0.51414,-0.95594,0.50906,-0.13934
-0.29722,0.71615,-0.96379,0.53021
0.16788,-0.10222,-0.51621,0.29275
0.57429,-0.24887,0.71308,0.047514
-1.4064,-0.78572,0.34044,-0.010876
1.7407,1.4154,-0.71398,-0.071213
1.1553,-1.3409,2.2609,2.9554
-0.4102,0.65723,-1.6747,-0.8264
-0.76379,-0.16769,-0.39963,-1.1086
1.1406,-0.88393,0.98267,-0.096516
0.34688,0.40059,-1.2271,-0.0050372
-0.4953,-0.7687,0.51635,0.90391
0.1312,0.6258,0.33524,-0.040071
-1.4725,-0.80667,-0.11235,-0.077052
1.1289,1.4167,0.46535,-0.57337
0.046102,-0.90488,0.69955,1.7914
-1.5928,1.4402,-2.1827,-1.0327
0.088651,-1.1275,1.73,-0.075106
0.56402,1.236,-0.8035,-0.89647
-1.6294,-0.13234,0.039623,0.42316
1.2184,1.4507,0.95665,-0.096516
-1.2714,-0.88,1.3199,-0.6668
0.40263,1.2556,-1.1897,-1.0872
0.057839,-0.81191,1.8716,1.5793
0.12533,0.61402,-0.19145,-0.15101
-1.5664,0.75543,-1.248,-1.3636
0.60657,0.31155,1.4875,-0.22497
-0.5848,0.51188,-1.1116,0.23436
-0.92519,-0.34577,-0.60365,0.51075
0.72835,0.93613,1.4719,-0.075106
-1.3683,-0.71632,0.75784,0.047514
0.20603,0.91125,-0.79309,-1.7139
-0.36765,-1.0253,1.983,0.76183
-0.50557,0.98065,-1.2532,-0.34954
-0.43074,-0.093055,-0.4319,-0.61425
0.71661,-0.12055,0.68289,-0.065374
-0.48062,0.47522,-1.0377,0.4037
-0.72418,0.22906,0.46014,0.20128
0.52734,0.39011,0.88482,0.068924
-0.65522,-0.67181,-0.72231,-0.90036
0.78117,0.60747,0.093749,-0.17826
0.054905,-0.91011,1.425,2.1613
-0.67723,0.98327,-2.1015,-0.37095
0.55375,-1.8188,0.77865,-0.29699
0.75183,0.57473,-0.69212,-0.27558
-0.97801,-0.073414,-0.52662,1.3165
0.78264,0.1243,0.75784,0.95257
-0.63761,-0.73597,0.4362,-0.37874
-0.1373,-0.47016,-1.0606,-1.0132
1.5984,0.77507,1.5604,0.828
0.18842,-0.52515,-0.1238,1.6922
-0.97214,0.5839,-2.2441,-1.5329
1.5338,-2.2535,1.9018,0.3745
0.32194,1.4808,-0.70565,-0.092623
-1.7791,-0.86298,-0.31948,1.4061
2.062,1.3656,0.49865,-0.14517
-0.48943,-1.7704,0.25717,0.82605
0.90001,1.909,-1.912,-2.0078
-0.21799,-1.7206,2.5555,2.1282
0.44371,1.6196,-1.5935,-0.45659
-1.2612,-1.5098,-0.067589,-0.6376
2.7619,0.20287,0.95248,-0.62982
-0.44248,0.63235,-0.42253,1.1706
-0.39112,0.51843,-0.43294,0.23242
0.54495,-0.74513,0.75055,-1.0911
-0.05807,-1.0987,-0.66194,-0.71935
0.62418,0.51712,-0.36632,0.23436
-0.36472,-0.72025,1.0836,2.0153
-0.99855,-0.35755,-1.9922,-0.84586
0.498,-0.58277,0.72765,-1.3344
0.49507,0.34166,0.67352,0.73847
-0.95013,0.49093,-1.2865,1.0888
0.087183,-0.30125,0.4539,0.97009
-0.055135,0.53676,1.0264,-0.99378
-0.92812,0.23953,-1.0585,-1.1553
1.6996,-0.034132,1.3969,-0.19967
0.33808,-0.82631,0.62252,0.37061
-1.223,1.2242,-1.9474,-0.99378
0.36155,-1.1654,1.2502,1.0207
0.81492,1.2687,-1.5217,0.23826
-2.2809,-1.0424,-0.46313,0.61974
1.5397,1.6445,0.9223,-0.88868
-0.6831,-1.553,1.525,0.20322
0.81785,1.4848,-1.1251,-1.71
-0.17545,-1.7468,1.7321,2.3442
-0.052201,1.2635,-1.6726,-0.27169
-0.59653,0.039194,0.066686,-0.086784
2.4288,-0.4754,0.89836,0.13315
-0.21946,-0.05901,-0.98565,0.14872
-1.1394,-0.41647,-0.1977,0.49907
0.43051,-0.30387,0.91397,0.1643
0.040233,-0.72549,-0.59636,-0.82445
0.55375,0.09157,-0.11443,0.11564
0.40116,0.041813,0.73598,1.0771
-0.35885,0.87459,-1.2074,-0.46048
0.14294,-1.3134,0.63709,-0.21914
0.27058,0.60092,-0.45688,-0.81277
-1.8701,0.062763,-0.67755,0.6684
-0.45128,0.65461,1.0097,0.57887
-0.19892,-0.90095,1.3345,-0.57337
0.00061843,1.7427,-0.38714,-2.22
-1.1585,-0.28815,1.7987,2.0639
-0.61854,1.0723,-0.71398,0.84163
-1.1394,0.24084,-0.78892,-2.4185
0.37035,-0.54479,0.6423,-0.54807
-0.40286,1.2438,-0.88052,0.68786
-1.0895,0.10335,0.55382,0.67813
0.57283,0.56295,0.7339,-1.42
-2.7093,-1.9563,0.26862,-1.3188
1.7701,1.7885,-0.4829,-1.459
-0.9736,-0.64431,2.1818,3.3583
-0.98387,1.6877,-2.0911,-0.069267
-0.4953,-1.1353,0.59546,-1.1826
1.3152,0.094188,0.21137,-0.52861
-1.8011,0.34428,-0.55472,0.20322
0.16201,0.85494,0.41851,0.1351
0.52441,0.028719,1.0795,-1.2137
-0.28108,-1.3291,-0.83785,-1.0502
1.4297,0.57343,0.47367,0.47766
0.98364,-0.26589,1.092,2.2722
-0.45715,1.071,-1.9974,-1.2838
1.2815,-2.3478,0.64438,0.38034
1.729,0.98719,-0.62342,0.25967
-0.9604,-1.1654,-0.82431,2.1106
0.76356,-0.34053,0.28007,0.16819
0.30286,-1.5949,0.3675,-0.020608
1.3446,0.5695,-1.5883,-0.98989
0.99832,-1.2231,0.85152,2.1068
0.51854,-0.0040159,-1.0783,0.72484
-0.052201,-0.40731,-1.0367,-0.54807
1.2213,-1.4378,0.88587,-0.075106
0.1444,0.41237,-1.4166,0.95451
-0.3295,-0.59324,-0.10922,0.99928
1.5485,0.030028,0.67352,0.19738
-0.50263,-1.5831,-0.099856,0.14678
1.2786,0.67949,-0.64424,-0.46438
0.62418,-1.0463,1.6207,1.4216
-0.3119,0.31286,-1.197,-0.81861
-0.21506,0.098117,0.30297,-1.4998
1.5294,-0.12972,0.59442,0.2402
0.32194,0.54069,-0.68067,1.0557
-0.4234,-0.62074,0.078136,0.55162
0.53908,0.66246,0.76304,-0.65512
-1.4945,-1.0136,-0.49435,-0.44686
0.67406,1.0618,0.67144,-0.5033
-0.66989,-1.0541,0.79947,1.9316
-1.3287,2.1172,-1.8548,-1.856
-0.071275,-0.85119,1.6613,-0.23081
0.58163,1.1574,-0.19458,-0.69405
-1.9229,-0.67835,-1.224,1.0363
0.10772,1.2818,0.63189,-1.0463
-0.46302,-0.84203,0.87754,-0.91204
0.43784,2.1316,-0.90967,-1.7801
-0.68457,-0.97558,1.6884,1.7895
0.0035528,1.5555,-0.3632,0.25577
-1.8275,0.14525,-0.1925,-1.385
1.8097,0.34297,1.0951,-0.75828
-1.0866,0.11121,-0.91904,0.97787
-0.87824,0.81828,-0.18521,-0.059535
-0.33831,0.52367,1.2002,-1.2196
-1.5282,-0.43481,0.4997,-0.28142
0.69167,0.43201,-0.71502,-0.37679
-0.89144,0.21072,1.6291,1.5676
-0.93839,1.1771,-0.52662,-1.3169
-0.84302,-0.3641,0.24884,-1.13
0.26618,-0.5317,0.21033,0.72679
-1.2113,0.67425,-0.84305,0.3239
-0.74619,-0.3091,0.84319,0.20128
0.7753,0.93351,0.89211,-1.0833
-1.3844,-1.1943,-0.63695,0.010534
0.58603,1.0933,-0.27993,-0.43518
-0.46302,-0.69799,1.476,1.0927
-0.22093,1.4167,-2.1743,-0.99184
-0.20186,-2.2955,0.73181,0.78713
1.349,1.0815,-0.49852,-0.5072
-1.27,-0.53563,-0.043648,0.84163
1.3328,0.84971,0.32587,-0.3982
-0.75939,-2.1881,0.9275,0.1059
1.4326,1.38,-1.3448,-1.4687
0.01529,-1.3501,1.7987,2.0094
0.93229,0.71615,-1.0408,0.66256
-0.93839,-0.59455,-1.2334,-1.2059
2.2073,-1.6538,0.53509,0.1098
0.61978,0.64937,-0.8087,0.73652
-0.31483,-0.55134,-0.38194,1.227
1.6351,0.04705,0.27799,0.27718
-1.3228,-1.8607,0.039623,0.26551
2.0151,1.5437,-0.83368,-1.241
0.31753,-1.4732,1.4271,2.7646
-0.64935,0.8484,-2.1629,-0.86532
-0.28695,-0.93761,0.13122,-0.4274
1.9975,0.030028,0.49865,0.006641
-0.80047,0.28536,-0.69212,1.4528
-0.3295,0.60616,0.29048,0.20517
1.5397,-0.13234,0.98683,-0.30867
-0.18131,-1.739,-0.96796,-0.34565
0.70488,0.89161,-0.099856,-0.41377
-0.061004,-0.76477,1.2772,0.81438
-0.37645,0.94529,-2.5532,-0.83029
-0.32217,-0.94809,1.3668,-0.018662
1.9373,0.97148,0.10728,-0.23081
-1.5077,-0.11924,-0.60469,0.87471
-0.030193,-0.28554,0.15724,-0.034232
-1.5297,-0.14281,0.82549,-0.18021
0.51561,0.3194,-1.2604,-1.1904
0.76356,-0.024966,0.25405,-0.061481
-0.019922,-0.51206,0.36542,0.99344
-1.2685,1.0605,-1.0627,-1.0697
1.3372,-1.3998,1.6676,0.21685
0.76503,1.1771,-1.351,-0.12766
-0.76966,-0.34577,0.2249,0.92337
1.7363,1.1797,0.77657,-0.30867
-1.9038,-1.392,-0.03428,0.09228
1.4546,1.3447,-1.4978,-1.64
-0.58333,-1.9183,2.1922,1.9939
-0.18425,2.3882,-1.808,-1.1398
-1.4446,-0.8669,0.067727,-0.51109
2.5594,0.52236,0.019846,-0.4274
-1.3903,-0.73073,-0.16023,1.4645
0.31313,1.0461,-0.029076,-0.33786
-0.075676,0.079785,1.4885,-0.2094
0.37329,0.73841,0.16141,-0.22497
0.32927,0.51581,0.42892,-0.70767
0.0079544,0.3888,1.0087,0.35115
-1.8202,0.27358,-1.5706,-0.75828
0.76797,-0.15983,0.71204,0.20322
0.3014,0.26965,-0.14774,-0.028393
-1.1981,0.51319,-0.25391,0.61001
-0.45421,0.49224,1.3168,0.20517
-0.51584,-0.22399,0.72245,-0.96264
-0.50997,-0.28423,-0.6713,-1.0288
0.79584,0.48046,0.70996,0.91169
-0.75352,0.11383,0.092708,0.90196
0.0064872,0.99374,-0.85658,-1.3305
0.38062,-1.7167,1.1398,0.47766
0.89855,1.5908,-0.9919,-0.080945
-1.3727,0.0025311,0.7391,0.7735
1.8728,0.67425,0.56007,-0.80888
-1.8275,-2.2732,0.45494,-0.40988
1.6996,1.5463,-1.2292,-1.0677
-0.83275,-1.5962,2.2786,2.5466
0.75183,1.2399,-1.6976,-1.2624
-0.53931,-0.74251,-0.044689,-1.2273
2.1369,-0.0079441,0.24572,0.096173
-1.2729,-0.036751,-0.38402,0.84357
0.0064872,-0.114,-0.50372,0.37256
0.14587,-0.83548,0.62772,-0.56559
-0.097684,-1.3723,-1.3062,-0.14517
1.0291,1.1744,0.41122,0.46403
0.28232,-0.49635,0.86297,1.772
-1.628,0.97803,-1.7341,-0.29115
0.040233,-1.6552,0.91085,-0.46438
1.4341,1.0775,-0.00097167,-0.6376
-1.3815,-0.64431,-0.72543,1.011
0.062241,0.70567,-0.41004,-0.56559
-1.6544,-1.6172,0.59338,0.28692
-0.083012,0.97541,-1.0283,-1.9903
1.9344,-0.51337,1.3553,0.35309
0.87947,0.78817,-0.017626,0.99344
-0.70804,-0.10091,-1.2792,-0.4527
0.75623,-1.9026,1.4604,0.053353
0.5875,1.2792,-0.45272,-0.084838
-1.7365,-0.88262,-0.47041,1.3243
1.0247,-0.21221,0.40081,0.38618
-0.024324,-0.75953,0.061482,-0.478
-0.02139,1.2334,-1.1834,-1.3636
-0.57159,-0.78048,1.424,1.4528
-0.012586,0.098117,-0.93569,-0.016715
-0.72271,0.36916,-0.67651,-0.8809
0.82225,-0.23316,1.119,0.43289
-0.12263,1.1535,-1.072,-0.48579
-0.95013,-0.71502,0.22698,0.84552
1.2859,1.5031,0.6475,-0.97627
-1.942,-1.3003,0.86088,0.66062
1.1979,1.507,-1.7486,-2.1558
-0.58773,-1.5452,1.9621,2.5719
0.16348,0.9741,-1.6726,-1.5602
-0.91785,-0.89702,0.38832,-0.17826
1.5911,0.23037,0.10624,-0.32424
-0.98681,-0.58015,-0.52142,0.23826
-0.36618,0.28012,0.041705,-0.2094
0.22363,0.37309,0.39144,0.12731
-0.43367,-0.14543,-0.96692,-0.54028
0.89121,0.39797,0.41538,-0.25806
0.38503,-0.54218,1.374,1.8245
-1.1321,1.0225,-1.9266,-0.15101
1.0159,-0.64562,0.98267,-0.057589
0.35275,-0.26458,-0.086325,-0.55585
-0.90611,0.43201,-0.95443,0.21879
0.23537,-0.43088,0.65895,0.88055
-0.040463,-0.68883,0.14475,-0.19189
-0.23267,0.12692,-1.1647,-1.2468
0.43638,-0.59062,1.1024,0.64504
-0.3163,0.37964,-0.091529,0.57303
-0.79754,0.54855,-1.071,-1.1281
0.66673,-0.643,1.4531,-0.075106
0.31753,1.0815,-0.78372,0.32584
-1.5781,-0.53825,-0.17272,0.58081
1.8346,1.1155,0.69538,-0.4527
-2.1503,-2.0846,0.2478,0.5088
1.7847,1.7453,-1.1709,-2.3231
-1.088,-0.97297,2.2588,1.7914
-0.090348,1.6,-2.1681,-0.44102
-1.3477,-0.79882,0.1791,-0.27363
0.87067,0.12823,0.73077,-0.88479
-0.95306,0.46998,-0.56305,0.6139
0.00061843,0.35607,0.13226,0.46598
0.32487,-0.077342,1.0795,-0.26779
-0.80341,-1.3213,-0.60573,-0.70767
0.76356,1.2844,-0.14566,-0.99962
0.13707,-0.52646,1.4282,1.6727
-1.0264,0.79995,-2.1254,-0.91593
-0.12263,-0.93106,1.0368,0.018319
0.67406,0.98719,0.10104,-0.52082
-1.1071,0.15835,-0.31948,0.85914
0.92789,-0.23316,0.66728,-0.2133
-1.383,-0.60241,0.56631,-0.48579
-0.56866,0.67294,-0.89822,-1.2604
1.2962,-0.28946,1.068,0.7482
0.69901,-0.77918,-0.21748,0.99928
-0.29722,0.62318,-1.8277,-0.49746
1.079,-0.15983,1.3491,0.38423
0.40703,0.69389,-0.47145,0.65672
-0.58773,-0.85381,-0.75041,0.44068
1.4913,-0.70061,0.5736,0.58276
-0.012586,-1.1838,-0.098815,-0.58505
0.86774,1.4206,-1.1074,-0.28531
0.31167,-1.4535,1.0566,2.7276
-0.33537,0.081095,-1.6383,-0.26001
-0.30309,-0.0040159,-0.638,-1.2098
1.2565,-0.82369,1.4677,0.72874
0.22217,0.82483,-1.3541,0.40954
-0.37499,-0.69014,-0.22997,1.0168
1.5808,1.5136,0.51427,-1.1398
-0.35151,-1.756,0.14579,0.42511
1.2111,1.2962,-0.97524,-1.3908
-0.61121,-2.01,1.7436,1.8751
0.2163,1.4651,-1.8746,-1.6108
-1.0367,-0.86167,0.79219,0.22853
2.1691,0.56819,0.62772,-0.33786
-1.3213,-0.64955,-0.41941,0.71511
0.40997,0.34297,0.42267,0.48544
-0.92519,-0.87738,0.89836,0.039729
0.079847,0.15442,-1.2969,-1.4395
1.0893,-0.81715,0.37895,0.66256
0.54348,0.96362,0.53404,0.68397
-1.3991,0.12692,-1.2906,-0.55196
1.3578,-0.86952,0.56631,-0.70183
-0.1329,0.38095,-0.68692,-0.042018
-1.402,0.2068,-0.4371,0.44652
-0.25174,0.38356,0.94936,-0.08873
-0.22533,-0.89964,0.45702,-0.36122
-0.072742,1.0553,-1.045,-1.459
-0.22386,0.33381,1.8227,1.7175
-0.012586,1.2438,0.016723,-0.40404
-1.2714,0.38225,-0.21539,-1.6984
1.704,-0.825,0.46743,-0.26779
-0.20332,0.76722,-0.3809,0.32974
-1.2964,-0.84203,0.3165,0.60028
0.44225,1.4075,0.11561,-1.5096
-1.0646,-1.2244,0.61419,-0.16658
1.3974,1.7152,-1.0929,-0.34565
-0.37352,-1.1013,2.1401,2.2274
0.12973,2.0426,-1.4259,-1.1106
-0.66256,-1.5478,0.72869,-0.014769
1.9271,1.1954,0.6423,-0.14323
-1.4989,0.011697,-0.040525,0.3745
0.51121,0.59438,-0.358,0.11953
-1.7351,-1.9524,0.38208,0.2947
0.81198,0.26703,-1.733,-1.0385
-0.55985,-1.1589,0.84735,1.7155
0.34101,1.1286,0.0042328,0.21101
-1.0029,0.42677,-0.97628,-1.4045
1.2301,-0.54479,0.70371,0.12342
-0.22093,1.0605,-0.89093,1.2912
-0.25908,-0.57622,0.37271,0.5886
1.2052,-0.39552,0.39248,-0.88868
-1.4725,-1.4758,-0.12588,-0.3437
1.5559,2.1264,-0.59532,-1.0444
-0.42194,-1.0384,0.87442,2.4941
-0.94279,1.1941,-1.2511,-1.0269
-0.16077,-0.89702,0.75367,-0.76606
1.28,0.8628,0.10832,-0.1841
-1.7747,0.65461,0.035459,0.80075
-0.89878,0.41499,0.51739,-0.47411
0.075446,-0.15329,0.11977,-0.97821
-0.53638,-0.68228,-1.1397,-1.239
0.52001,1.0697,0.46847,0.13315
-0.76966,0.009078,0.96497,1.0693
-1.2891,1.1181,-1.7101,-2.1499
-0.97947,-0.55265,1.4958,-0.0050372
1.2081,1.7414,-0.29034,1.0655
-1.4548,-0.54741,-0.17272,0.57108
0.66526,-0.33136,0.41122,-0.78552
-1.1893,-0.88131,1.2044,-1.1359
0.63445,1.4389,-1.2917,-1.3013
-0.44394,-0.27637,0.63397,1.1414
0.55375,0.17537,-0.30283,0.30443
-0.16958,-0.66002,-0.13837,-1.9942
1.3959,-0.78703,0.97746,-0.26001
-0.29869,0.88506,-1.2157,0.38034
0.025561,-0.44659,0.017764,0.76961
1.4033,0.037885,0.16869,-0.21524
-1.3609,-1.7651,-0.21852,0.96619
1.4605,0.98588,-0.93361,-0.14128
0.3014,-2.1959,0.47159,3.1909
0.319,0.57343,-1.6456,-0.97043
0.27939,-1.0136,-0.24558,-0.59867
1.3035,-0.59979,0.1333,0.67424
-0.30309,-0.62729,-0.8597,1.4314
1.236,-0.44135,0.42059,-0.55585
1.55,-0.35886,0.57048,-0.48384
-0.30749,-0.68228,-0.65881,-0.032286
0.36448,0.25917,-0.31428,1.1161
0.97778,-1.0332,0.72765,0.68981
-0.77847,0.14002,-2.1743,-0.62398
0.55669,-0.44004,0.62044,0.13899
0.40997,0.55248,-0.24662,0.080602
-0.80341,-0.0092535,-0.83889,0.27134
0.5024,-0.54479,0.29672,-0.26779
-0.97507,-0.33922,0.49137,-0.5325
-0.4953,-0.19912,-1.1064,-1.0171
1.2375,0.92827,1.1929,0.80659
0.26471,0.67163,0.56631,1.2601
-0.75646,1.7349,-1.2167,-1.7918
0.35421,-1.976,1.756,0.035836
0.2251,1.7126,-0.68171,-0.38458
-1.3111,-0.22923,-0.020749,0.7735
0.81051,1.0919,-0.013462,-1.0814
-3.2786,-1.9982,-0.0040943,-0.19773
1.7495,2.5912,-0.5287,-2.0993
-0.89291,-1.5216,2.1963,2.2625
-0.40286,1.9483,-1.6341,-1.1222
-1.3228,-0.82762,0.45702,0.1896
1.2008,0.66115,0.37063,-0.78358
-1.5267,0.48439,-0.04573,0.68397
0.27205,0.55117,-0.15398,0.047514
-0.43221,-0.2672,0.43516,-0.62592
-0.75352,-0.73335,-0.0020126,-1.1962
-0.88997,0.67163,0.77241,0.070871
0.066643,0.96755,0.68185,1.1005
-1.7087,0.096807,-1.326,-1.0658
0.29406,-0.91273,0.40289,-0.053696
0.44958,1.0815,0.053155,-0.26001
-1.3962,0.094188,-0.43502,0.91753
0.21776,0.15442,0.093749,-0.3476
-0.89731,-0.41516,0.8588,-1.0308
-0.60387,0.38095,-0.83785,-0.16658
1.0042,0.25917,0.75367,1.373
-0.28108,-0.52515,0.26029,0.72679
-0.84302,1.1718,-0.91695,-1.71
0.69901,-0.71632,1.9039,0.016373
1.0145,1.4573,-0.96171,-0.38847
-1.113,-1.3867,-0.12067,0.83968
1.0482,-0.032823,0.12393,-0.67264
-1.7688,-1.1209,0.56111,0.67619
1.3974,1.2936,-1.2303,-0.96653
0.16495,-1.8398,1.5552,2.28
0.27352,0.32726,-1.5779,-0.60451
-0.43514,-0.82893,0.0063145,-0.45075
1.8493,0.081095,0.84319,0.65478
0.037298,-0.3785,-0.92944,1.2251
0.3234,-0.23185,-0.13733,0.84746
1.2008,-0.34446,0.2936,-0.5072
-0.47916,-1.2597,-1.1054,-0.19967
1.6952,0.33774,0.26133,-0.026447
0.80758,-1.4365,-0.05718,2.243
-0.40873,1.5267,-1.5842,-1.2896
0.62858,-0.95071,1.118,0.47766
1.4576,0.86542,-0.28097,0.15651
-0.90611,-0.52908,-0.52454,1.3418
-0.15491,0.77245,0.2707,-0.72713
-0.58626,-1.4548,0.45077,-0.57337
0.20309,0.65592,-1.6206,-1.5757
0.025561,-0.83286,0.40602,1.5092
0.012356,0.55117,-0.10506,0.88445
-0.51144,-0.28554,-0.86699,-0.90814
1.4678,-0.37981,1.1763,-0.20162
-0.1505,0.6389,-0.70565,0.89418
-1.1981,-0.11662,-0.016585,0.28497
0.93669,0.23429,0.4362,-0.39041
-1.8451,-0.84988,0.10728,-0.39625
1.3416,1.5869,-0.99086,-1.3772
-0.21506,-0.9638,2.0746,1.7992
-0.4997,1.3761,-1.5644,0.11758
-0.37058,-0.08127,0.65062,-1.2546
1.5559,-0.31172,1.2137,0.063085
-1.0367,0.56688,-0.043648,0.18571
-0.57599,-0.041988,0.28215,0.75599
0.12827,0.27881,0.38416,-1.1787
-1.9537,-1.7246,-1.4249,-0.6921
1.2683,1.4704,-0.38922,-0.41377
-0.09475,-0.12972,1.4375,2.8366
0.2339,2.3896,-2.063,-1.9125
-0.21506,-2.7446,1.7935,0.2441
1.3006,1.2923,-0.66194,-1.0074
-2.2266,-0.45314,0.12081,1.7856
1.4077,0.9741,-0.12171,-0.34176
-1.2465,-1.6421,0.92646,-0.91593
1.2859,1.9575,-1.5457,-1.8949
-0.53051,-0.77132,1.678,2.1535
1.1069,1.6497,-0.14461,0.094227
-1.1849,-0.12448,-0.67755,-0.40988
1.4986,-0.043298,1.3845,-0.28337
-0.81515,0.99898,0.13851,0.60612
-0.18572,0.1099,-0.018667,-0.11793
-0.14757,-0.79227,0.89003,-0.27947
-1.3551,-0.89178,-0.089447,-0.053696
0.076913,1.7885,-0.94818,-1.1456
-0.55692,-0.75692,0.99516,1.6902
-0.54371,0.54331,-1.1564,-0.46438
-0.30456,0.47522,0.28944,-1.1164
1.0511,0.10074,0.98163,0.39007
-0.50263,0.72008,-0.73792,-0.26974
-0.55398,-0.66264,0.40914,0.14289
0.29259,0.47915,0.82029,-0.87895
-1.245,-1.5151,-0.55681,-0.29894
1.974,1.4154,0.076054,-0.59867
-0.4146,-1.2453,1.2439,2.3209
-0.30163,1.7283,-1.8132,-0.91398
-0.30016,-1.6683,1.5135,0.043622
1.9593,1.0841,-0.59011,-0.33008
-1.1467,-1.2034,-0.49227,1.4061
1.2609,0.32595,-0.47978,-0.17826
-1.3023,-1.1327,0.61732,-0.22497
0.49213,0.26703,-1.4926,-0.83418
0.96604,-0.77525,1.3012,1.3886
1.0335,0.079785,-0.11547,1.5657
-0.37205,0.61664,-1.1501,-1.0152
1.3416,-1.1916,1.3085,-0.50136
0.46425,0.72531,-0.66298,-0.27753
-1.3228,-1.1183,-0.44127,1.044
1.1582,0.99374,0.81092,-0.56559
-1.427,-2.1828,0.41538,0.28497
0.26325,2.256,-1.4717,-1.4006
-0.30603,-1.3527,1.9163,2.3851
0.12386,1.3617,-1.1865,-0.50525
-0.62734,-0.23709,0.42267,-0.72908
1.7231,0.014316,1.1711,-0.62008
-0.38232,0.30238,-1.0897,0.91948
-0.062471,-0.47147,-0.087365,0.1059
0.55962,0.28012,0.63917,-0.42545
-1.5194,-1.3632,-0.54952,0.11564
1.3064,1.1365,-0.92528,-0.35149
0.16348,-0.78572,1.7685,1.6338
-0.8753,1.27,-1.9266,-0.70962
0.47012,-0.406,0.51635,-0.46243
0.47306,-0.52384,0.63293,0.63726
-1.2729,0.77769,-1.0346,0.15846
-0.1461,-0.34708,0.5507,0.34336
0.85013,1.0068,-0.24558,-1.2079
-1.7791,-1.5255,-0.42565,0.63531
0.97337,1.6694,0.22386,-1.0327
-0.22973,-0.9913,1.6832,1.5988
-0.081545,1.7584,-2.3367,-1.4317
-0.33684,-1.2754,1.7259,0.1059
1.726,1.7885,0.27903,-0.94512
-0.95453,-0.83286,-0.37257,1.1453
0.93376,0.85625,0.045868,0.32584
-2.4247,-1.3985,0.58297,-0.096516
0.74742,0.58783,-1.7216,-1.3694
0.67553,-0.56705,1.271,1.6007
1.2184,0.85756,-0.22789,0.80465
-1.0162,0.098117,-0.83785,-1.0327
1.4678,-0.4479,1.1128,0.20906
0.56843,0.8065,-0.41316,0.56914
-0.37645,-0.25542,-0.40588,0.67229
1.0321,-0.6993,0.14996,-0.19773
-0.99415,-1.4902,0.1562,-0.23276
0.60217,1.5254,-1.072,-1.4492
0.27058,-1.5085,1.652,2.1788
-0.28842,0.34952,-1.3156,-0.12766
-0.33684,0.38356,0.29256,-0.27363
1.0702,-0.0040159,1.7227,0.50296
-0.64935,0.50796,-1.172,-0.057589
-0.2224,-0.35886,0.22074,-0.18216
0.65499,0.22775,0.96601,-1.169
-1.0543,-1.3658,-0.42253,-0.36511
0.84133,1.1718,-0.62446,0.061139
-0.79754,-0.9782,1.2242,1.0382
-0.67429,1.9666,-1.3375,-1.5933
-0.072742,-1.0214,0.92438,-0.3184
0.95577,1.325,-0.23413,0.60612
-1.3213,-0.41778,0.041705,1.0693
0.073979,0.024791,-0.064466,-0.55391
-1.851,-0.45183,0.93583,-0.80109
-0.16224,1.0998,-1.2105,-1.3091
1.0101,-0.37195,0.55694,0.48544
-0.32217,-0.32089,0.51323,0.56135
-0.80341,1.7781,-1.1043,-1.1495
1.0423,-0.7831,1.3751,0.41732
0.86627,1.0068,-0.43814,-0.15101
-1.0088,-0.54479,-0.33926,0.86109
0.33221,0.88899,0.51531,-0.33981
-0.75646,-1.1969,0.11873,0.23242
0.73422,1.3879,-1.2219,-1.7684
0.14587,-1.4928,1.7727,1.8362
0.57723,1.6105,-1.1928,-0.7466
-0.40433,-0.034132,0.09479,-0.3982
1.7701,0.0051498,1.1378,0.33752
-0.51144,-0.38898,-1.2209,0.86498
-0.53931,-0.17947,-0.42982,0.36088
0.15027,-0.83679,0.50074,0.14483
-1.3052,-0.90357,-1.3854,-0.58116
1.3431,0.47522,-0.27577,0.73847
1.0952,-0.056392,1.0524,2.0192
-1.1717,0.71222,-1.6154,0.065032
0.65206,-1.1039,1.5323,-0.65512
1.5426,-0.074723,0.14892,-0.082891
-0.53198,0.6258,-0.97628,0.81243
0.9631,-0.094364,0.70059,0.26356
-1.0895,-0.46099,0.2936,-1.1553
-0.65962,-1.3684,-1.4572,-0.81667
1.4238,0.23167,0.61732,0.56719
-0.16371,-0.14019,-0.10714,1.7408
-0.38526,1.291,-1.8579,-1.2682
0.58163,-1.8241,1.6291,-0.16075
1.2023,1.5267,-0.96483,0.18376
-1.8715,-1.3186,-0.41837,1.5773
1.8434,0.9322,0.34148,-0.53639
-0.52611,-1.7874,0.54341,-0.23276
0.45545,2.1866,-1.2167,-2.3543
-1.0675,-1.4915,1.7831,2.3247
1.0042,1.4808,-0.92736,-0.28726
-1.2172,-0.9913,-0.3122,-0.85365
2.0547,-0.019729,1.0763,-0.28337
-0.88997,0.22775,-0.40484,0.72679
0.071044,0.56164,-0.86075,0.23631
0.48186,-0.44528,0.48304,0.12926
-1.358,-1.5465,-0.69733,-0.62787
0.78704,1.5188,-0.29034,-0.77969
-0.43074,-0.33922,2.3015,1.6533
-0.83422,1.6078,-1.9651,-0.77579
-0.14904,-1.0397,0.57672,-0.89257
1.1568,0.70306,0.73494,-0.92566
-0.83129,0.3194,-0.50372,0.42705
-0.3163,-0.021038,0.22594,0.070871
-0.81955,0.1518,1.0982,-1.2468
-1.3243,-0.034132,-1.6019,-1.1456
1.0101,0.72662,0.45181,-0.038125
-0.42047,-0.88131,0.56839,1.2017
-0.93106,1.6144,-1.6862,-1.4161
0.63592,-0.69014,2.1953,0.66256
1.0321,1.8134,-0.27264,-0.56559
-1.8451,-1.2833,-0.44335,0.81827
1.7525,0.065382,0.08334,-0.65512
-0.98094,-1.5517,0.62148,0.12148
1.7554,1.2543,-2.0401,-0.71351
-1.1423,-1.6591,0.93999,2.4552
0.26471,0.80257,-1.6685,-0.81083
-0.67283,-1.2231,0.048991,0.063085
2.58,0.13347,0.18118,0.30443
-0.84449,0.071929,-0.083202,0.85136
0.10039,0.68865,-0.070711,0.22269
-0.20479,-0.49504,0.74639,-0.49941
-0.82835,-0.84072,-0.82744,-1.06
-0.11236,0.51057,0.0083963,0.56914
-0.16958,-0.59455,0.3675,1.2718
-0.43954,1.4167,-1.8204,-1.3714
0.5831,-1.2859,1.8758,0.26745
0.49507,1.452,-0.20915,-0.32619
-1.65,-0.21352,-0.29554,1.7389
0.36889,0.57473,0.74951,-0.52277
-1.1585,-0.68359,0.54341,-0.89841
0.319,0.91125,-1.3666,-1.5524
-0.40286,-0.35493,1.0878,1.5053
-0.28842,1.1404,-0.41212,0.45041
-1.2744,-0.028894,-0.46937,-1.5757
0.88094,-0.98475,1.3158,-0.877
-0.28989,0.84054,-0.25703,0.39786
-0.80341,0.67687,0.46535,0.56719
1.4458,0.50796,0.77553,0.34725
-2.0535,-1.8817,-0.051975,0.26161
0.26618,1.4141,-1.3978,-1.856
-0.24,-0.83417,1.4865,2.5155
0.29406,0.77638,-1.2709,-0.52471
-0.26935,-0.055082,0.11353,-1.1943
1.3695,-0.50289,0.78698,0.17208
-0.29135,0.48962,-0.93361,0.88445
0.11653,-0.45183,-0.21748,-0.17048
1.6116,-0.18995,0.2478,-0.59284
-0.65375,-1.8372,-1.1668,0.92143
1.952,1.1378,-0.67026,0.31027
0.46866,-1.735,1.0076,1.9549
-0.38819,0.33381,-2.4273,-1.2118
0.12533,-1.5137,1.1336,1.1764
1.9241,1.2818,-0.19145,0.63921
-0.30896,-1.2925,-0.41316,1.4781
1.5382,-0.14543,-0.24038,-0.68237
-0.56719,-1.4299,0.533,-0.49746
-0.0067176,-0.40338,-1.7112,-1.457
1.4223,-0.66133,0.98059,1.4664
1.236,0.22382,0.13434,1.7525
-0.78287,0.24477,-1.6789,-0.35927
1.035,-0.44135,1.1742,0.11953
0.32194,-0.090436,-0.0092988,-0.44102
-0.13143,-0.60765,-0.54223,0.31806
0.51707,-0.53825,0.25821,0.56719
-1.2333,-0.16507,0.64334,0.1896
-0.14023,1.4285,-0.78476,-0.986
0.18842,-1.2964,1.8143,0.95062
-0.38966,1.1653,-0.76082,-0.069267
-1.4123,0.52498,-0.053016,-1.7392
0.75183,-0.25935,1.5083,-0.038125
-0.51144,0.84709,-0.29138,-0.13739
-1.1893,0.066691,-0.02283,0.8533
0.3058,0.72401,0.49345,-1.0035
-0.92519,-0.98868,-0.47458,-0.9607
0.67553,1.2111,-0.40484,-0.29115
-0.73298,-0.93237,0.87337,2.2839
-0.75939,2.3987,-2.1119,-1.5543
-0.94426,-1.1105,2.0225,0.26745
1.7437,1.5751,-0.24246,-0.28337
-2.2149,-0.62205,0.11665,0.74236
0.77237,1.1535,0.26966,-1.4629
-1.7894,-1.4247,1.1482,-1.2079
1.0071,2.1905,-1.6789,-1.4278
-0.97947,-1.0699,1.2939,2.1301
0.56696,0.88768,-1.1428,0.68202
-1.5033,0.60354,-0.32677,-1.7606
1.7246,-0.25542,1.3845,-0.81861
-1.0543,0.27619,-0.45792,0.48544
-0.63615,0.42023,-0.070711,0.87082
0.48333,0.34952,0.86921,-0.67653
-1.1321,-1.244,0.2197,-0.30478
0.74889,1.0697,-1.5186,-1.4843
-0.33244,-0.406,1.2627,1.9569
-0.18572,1.1181,-0.68171,-1.1339
-0.15491,0.009078,0.46951,-1.3383
0.44518,-0.73989,0.76929,0.43484
-0.64202,0.33119,-0.78788,1.0791
-0.42634,-0.45707,0.83278,0.5341
1.4605,1.1718,0.0094372,-0.76801
-0.61267,-1.4483,-0.75353,-0.17048
1.0775,0.96231,-0.17168,0.45236
-0.2312,-1.5989,1.0972,1.99
0.35715,0.79078,-1.8642,-1.1962
-0.40726,-1.9602,1.2762,-0.055642
1.9417,0.84971,-0.61405,-0.53444
-0.76086,-0.61812,-0.31636,1.4742
1.013,-0.0027065,-0.25807,0.18376
-1.6089,-2.0179,-0.024912,-0.64539
1.6835,0.33381,-1.6955,-0.80499
1.1348,-0.83941,1.601,2.3929
0.88681,1.1797,-0.18521,0.91169
-0.24,0.53807,-0.97628,-1.5368
2.3878,-1.5583,1.4906,-0.19967
0.29406,0.25786,-0.73063,0.35504
-0.70657,-0.61681,-0.37153,1.3068
1.0687,0.83399,0.35293,-0.25028
-0.86356,-1.4928,-0.048853,-0.098462
1.2932,1.0147,-1.6164,-1.0444
0.13267,-1.2152,1.449,2.2858
-0.10502,0.88768,-0.7119,-0.75049
-0.82835,-0.3091,-0.27993,-0.78163
1.2243,-0.20959,0.74326,0.42316
-0.67723,0.90601,-0.36216,0.6976
-0.11089,-0.48063,-0.23101,-0.14712
1.2228,-0.49373,0.94311,-0.76217
-0.58039,-0.031513,-0.65361,-1.2507
-0.036062,0.779,0.071891,0.27913
0.16495,-0.15983,0.55382,0.97982
-0.78434,0.88899,-1.0533,-0.80109
-0.24,-0.56836,1.8227,0.20128
1.283,0.87459,-0.043648,-0.51303
-1.7776,-0.87869,-0.51933,0.73847
-0.33244,0.44772,-0.031157,0.49323
-1.5443,-0.37981,0.80988,-0.84391
0.80465,0.67032,-1.2407,-1.8171
0.10626,-0.50289,1.347,1.0051
-0.088881,-0.19519,-0.00097167,1.589
-1.0279,1.4127,-1.0762,-1.7568
0.18695,-1.2676,1.8799,-0.13739
0.71515,1.7244,-0.88573,-0.14907
-1.9918,-1.4574,0.35501,1.2173
1.1979,1.6078,-0.082161,-1.1437
-2.3601,-1.8895,-0.46313,0.29665
1.6996,1.854,-1.5404,-1.9047
-1.3213,-1.4535,1.9476,2.1496
1.0145,1.8907,-1.1168,-1.1359
-1.6089,-0.88,1.0066,-0.45659
1.6527,0.56557,0.60066,0.20906
-1.4416,-0.70061,-0.1061,0.74236
0.19135,1.4468,-0.12067,-0.68821
0.2163,-0.1271,0.36022,-0.74465
-1.3697,-0.66264,-0.91279,-0.75049
0.77677,0.11121,-0.31324,-0.038125
0.28085,0.010387,0.93166,0.83189
-1.4328,1.1338,-1.0752,-0.50914
0.91175,-0.24233,1.4032,-0.46632
0.28379,-0.18471,0.13643,-0.47022
-0.96333,0.76198,-1.1605,0.22658
0.34981,0.20156,0.59442,0.40175
-0.67136,-0.42433,0.19784,0.1059
-0.38085,-0.48718,-1.4853,-1.3519
1.4297,1.2936,0.85256,0.24799
-0.17251,-0.50289,1.1159,1.6591
-0.24587,0.8065,-1.9152,-0.69794
0.65059,-2.2745,1.3105,0.68981
0.67406,1.0448,-1.1137,0.17792
-1.8657,-0.70716,-0.41316,1.1881
1.7935,0.26965,0.51739,0.13705
-0.38672,-1.7481,0.71308,-0.2094
0.2119,1.4114,-1.9401,-1.6711
0.25885,-1.5295,2.0288,2.0853
1.2243,0.3613,-1.0335,-0.1296
-1.0308,-0.50682,-1.0533,-0.6921
2.2088,-0.88916,1.0836,0.2441
-0.11089,1.0723,-0.638,0.22463
-0.62294,-1.0371,-0.27473,1.2465
1.3857,0.61533,0.26029,-0.36511
-1.5752,-2.1763,-0.48394,0.41927
1.8581,2.1002,-1.0689,-1.311
-0.39406,-1.9118,1.7613,1.9024
-0.16077,1.6484,-1.5477,-1.021
-0.41313,-1.3579,0.90772,0.75793
1.8757,0.53676,0.41955,-0.77385
-0.37792,-0.3091,0.10728,0.31806
0.10039,0.71353,0.28527,-0.9062
0.31313,-0.36934,0.46326,-0.065374
-0.75499,-0.16114,-1.0054,-0.16853
0.57723,0.95708,0.3394,0.24215
0.22363,-0.77263,0.25821,0.67035
-0.92665,0.70698,-1.5311,-1.1475
-0.046332,-0.99784,1.3189,0.13899
0.30286,0.83269,0.202,0.096173
-1.0778,0.31417,-0.91591,0.13315
0.58603,-0.2803,1.1482,0.43289
-0.90465,0.057525,0.29672,-1.7587
-0.94426,0.83792,-1.3978,-0.61619
0.76063,0.10728,1.4198,1.0363
-0.13143,-0.36803,-0.082161,0.23242
-1.047,1.3132,-0.94298,-1.5952
0.59484,-0.63907,1.8081,0.97592
0.071044,1.5869,-0.47458,0.27134
-0.94719,-1.1222,-0.074875,0.99928
1.2639,0.55509,0.2988,-1.3402
-2.363,-1.3134,0.48512,0.43095
0.45252,1.8985,-1.8413,-1.7976
0.0020856,-2.1462,2.3483,2.0737
0.31167,1.3892,-1.5186,-0.8225
-1.1379,-0.041988,0.50074,-0.35538
1.93,0.48701,1.0243,0.19933
-0.54371,-0.036751,-0.65777,0.21879
-0.046332,-0.18209,-0.32677,-0.26585
-0.06834,-0.086508,0.90148,-0.40988
-0.27081,-0.46623,-1.4259,-0.1335
0.7621,-0.44659,-0.036362,0.0085873
0.44665,-0.41909,1.195,1.1803
-1.4431,1.1757,-1.224,-0.35149
0.54642,-0.39552,0.68497,-0.49357
0.81345,0.019553,0.39873,-0.3184
-1.0895,-0.28292,-0.8035,0.86887
0.17815,0.29976,0.36334,-0.036179
-1.1467,-1.2558,0.63709,-0.57337
-0.30749,0.13216,-2.2212,-1.5076
0.60951,0.010387,0.90356,1.6786
0.075446,0.64151,0.57048,0.38229
-0.8841,0.38749,-1.3645,-1.3071
-0.28402,-1.1602,1.4209,0.16624
0.12386,1.2648,-0.87636,-0.071213
-1.7043,-0.40076,-0.017626,-0.018662
1.0057,0.9047,0.19992,-0.65706
-1.5443,-1.2479,0.66936,0.22074
-0.2268,1.9247,-1.1657,-1.9047
-0.79167,-0.58669,1.5978,1.6046
0.50827,0.64413,-1.0033,-0.19189
-0.27522,-0.36279,0.065645,-0.88284
1.2243,-0.31041,0.85776,-0.25417
-1.0235,0.91387,-0.4267,0.51075
-0.30016,0.058835,-0.25391,0.91364
0.27792,0.4582,0.43412,-0.39236
-0.93106,-1.1393,-0.82952,-0.60062
1.3094,1.7296,-0.33822,-0.67264
-0.13877,-1.443,1.8185,2.4843
-0.19892,1.5463,-1.987,-1.4648
0.032897,-1.574,1.0805,-0.59284
1.4752,0.65199,-0.09257,-0.48384
-1.4548,-0.61681,-0.89822,1.5034
0.43198,0.054907,-0.53391,0.44262
-1.8891,-1.1681,0.4768,-0.76606
0.58163,0.14002,-1.4436,-1.6322
1.3343,0.09157,0.72557,1.5579
0.29846,-0.50682,-0.28305,1.8888
-0.30896,0.020863,-1.3437,-0.84391
1.2565,-0.99523,2.1016,-0.32229
0.89708,0.13216,0.0052737,-0.22497
-1.6441,-0.51468,-1.0554,0.56914
1.4253,0.06931,0.14059,0.22269
-0.29429,-1.2414,0.15204,0.22463
-0.1461,0.60223,-1.4853,-0.72129
0.31167,-0.67835,1.6915,1.6435
-0.39993,0.33774,-0.88573,-0.28142
-0.43808,0.5564,-0.049893,-1.2351
1.5661,-1.5334,1.3459,0.30833
0.319,1.3538,-0.8264,0.70733
-1.0088,-0.59062,0.3217,1.4197
1.7128,1.1037,6.9219e-05,-1.2312
-1.3521,-1.8005,-0.37777,-0.13739
1.817,2.1093,-0.88677,-1.2546
-1.5737,-1.4614,1.4396,2.4668
-0.4234,1.8592,-1.2532,-1.348
-0.18718,-1.2885,1.1419,-0.77385
1.7407,1.1325,0.46743,-0.20357
-1.2729,-0.3497,-0.85658,1.4508
0.83839,0.62711,-0.10506,-0.38458
-1.1423,-1.5046,0.93271,-0.70962
-1.3756,0.41106,-2.394,-1.3869
0.63005,0.21727,1.5208,0.89612
0.81345,-0.027585,0.30609,1.3808
-1.2406,1.6209,-0.98357,-1.5388
0.26178,-0.92059,1.8695,-0.81277
0.025561,0.69651,-0.66089,-0.19967
-1.873,-0.61419,-0.018667,1.0538
0.49947,1.1286,1.0493,-0.64149
-0.083012,-0.1546,0.49657,-0.67653
-0.26935,0.35476,-1.3958,-1.6244
0.36595,-0.44004,1.3938,1.1978
-0.57746,0.59961,-0.42565,0.063085
-0.4953,0.77769,-1.4364,-0.70767
0.54348,-1.5831,1.6436,0.54189
0.54642,1.2137,-1.0148,-0.91982
-1.1365,-0.95202,-0.35383,1.1433
2.0166,1.6105,0.5736,-0.049803
-1.9948,-0.99784,0.30089,0.52048
2.6416,1.7689,-0.8774,-1.0055
-0.55545,-2.048,1.4979,1.5151
0.11213,0.64151,-2.0068,-0.9315
-0.98681,-1.5504,0.42267,0.67035
1.9197,-0.045916,-0.55577,-0.084838
-0.34417,-0.036751,-0.88156,0.43289
0.57723,-0.64693,0.21241,0.25772
-0.88264,-0.64824,0.25613,-0.12571
0.48186,0.99636,-1.2292,-0.83224
1.0878,-0.25542,1.1232,0.83773
0.61831,0.13216,0.084381,1.8109
-0.66989,0.28667,-1.3801,-1.0327
0.61244,-1.9563,1.1659,0.67229
0.74156,1.5751,-0.70773,-0.69015
-1.1262,-0.50682,-0.48603,1.1219
1.0702,0.21989,0.37063,0.55162
-1.7043,-1.5583,0.60899,0.0046946
0.46719,2.3175,-1.1761,-2.5431
-0.81074,-1.1235,2.2192,2.9067
0.037298,1.5083,-1.4541,-0.97627
-1.3756,-0.78572,0.11457,-1.1378
1.4722,-0.29863,1.2897,-1.7198
-0.99855,0.3325,0.035459,0.78129
-1.1952,0.61402,0.1739,0.1351
0.43638,-0.17293,0.68081,-1.2059
-1.1159,-0.42302,-0.17272,-0.85754
1.2067,1.6275,-0.06967,0.1098
-0.98241,-0.87869,0.9962,2.0425
-1.022,0.55771,-1.7663,-0.90231
0.13267,-0.43481,1.2585,-0.8264
1.1993,0.57866,0.28319,-0.073159
-0.53931,-0.094364,-0.084243,0.5088
0.95283,0.23037,0.15412,-0.56364
-1.1731,-0.42433,1.0628,-1.3539
0.29112,-0.34446,-1.2792,-0.67458
0.91909,0.082404,0.34877,1.3126
0.37622,-0.39814,-0.024912,1.5053
-0.17398,0.65068,-1.632,-1.5018
1.8141,-1.6944,1.6665,0.81243
0.60951,1.2936,-0.86491,0.23242
-1.3624,-1.574,-0.6484,1.8148
1.6556,0.53153,0.13643,-0.93539
-0.26935,-2.0401,0.3623,0.57692
1.2169,1.7139,-1.7278,-1.3013
-0.22386,-1.9354,1.4178,2.605
1.2463,0.94136,-1.0637,-0.72908
-0.31776,-1.0109,0.04795,-0.17437
1.2463,-0.10615,0.66416,-0.30283
-1.4387,-0.37719,-0.46104,1.0869
0.43931,0.61271,-0.58699,0.74042
0.57723,-0.12448,0.68601,-0.2639
-0.80194,-0.46754,-1.1314,-1.3558
0.44078,0.22644,-0.87428,-0.89257
-0.002316,-0.60241,1.3137,1.4859
-0.90318,1.5175,-1.4624,-0.51303
0.1224,-0.71371,1.3397,-0.47411
1.1304,0.42939,0.046909,0.22463
-0.39112,0.42546,-0.80558,-0.024501
-0.65816,0.053597,0.54237,0.049461
-1.2744,-0.19257,0.58713,-0.79915
-0.96333,-0.051154,-2.1837,-1.3714
0.8604,0.30762,1.1648,1.9355
-0.3251,0.25524,0.26758,0.97009
-0.53785,1.236,-1.2448,-1.8696
0.010889,-1.5714,1.755,0.39007
0.90148,2.0635,-0.87115,-0.38068
-2.1576,-1.0018,0.78906,0.31027
1.5177,1.2805,0.41122,-2.0156
-2.4452,-2.2889,0.11249,0.44846
1.5485,1.9116,-1.7049,-1.4161
-1.427,-1.443,2.4888,1.8382
-0.79314,1.4127,-1.2313,-0.80499
-1.3257,-0.71109,0.8307,0.061139
1.1553,0.33512,0.57984,0.31027
-1.9449,0.42546,-0.65777,0.11953
-0.53638,0.52367,0.41538,-0.11987
0.31313,0.0051498,0.61628,-0.60646
-0.42927,-0.23971,-0.64736,0.088388
0.038766,1.0422,-0.11026,-0.4235
0.36302,-0.18209,1.0191,0.56914
-0.87824,0.11121,-1.3854,-1.2196
0.24711,-0.71502,0.78386,-0.05175
0.39236,1.1417,0.0052737,-0.028393
-0.75059,0.10204,-0.24246,0.68008
0.049036,-0.21483,0.22802,0.23436
-0.70511,-0.56705,0.51635,-0.034232
0.0079544,0.9191,-0.99814,-0.99378
0.9411,0.0012217,1.0233,1.445
0.11213,-0.58539,-0.31116,1.3574
-0.19745,0.52498,-0.83472,-1.675
1.0497,-1.062,1.5874,-0.1296
0.96751,1.0474,-0.83889,0.23631
-1.025,-0.98868,-0.24662,1.5598
0.43491,0.11645,0.17702,-0.24249
-1.113,-1.9393,-0.13525,-0.016715
1.7833,1.287,-1.6622,-0.86338
-0.12996,-1.6879,1.5375,2.8795
0.19429,0.89685,-1.9027,-0.11598
-0.21213,-0.86036,0.49449,-0.60257
1.8772,-0.3366,1.1284,0.16624
-0.85329,-0.37588,-1.0752,0.91559
-0.79314,-0.19781,-0.32365,0.42316
1.2272,0.64151,0.5278,-1.1495
-0.24,-1.5465,-0.5745,-0.38263
0.88974,1.0802,-0.082161,0.36672
0.090118,-0.52515,1.3334,2.2566
-0.72858,1.1561,-1.3614,-1.2721
-0.39553,-1.3383,1.0722,-0.19189
1.3211,0.90339,-0.0030534,-0.5033
-1.1878,-0.27768,-0.58179,1.153
0.98511,0.32857,0.038582,-0.91009
-1.4695,-1.3671,0.34252,0.14289
0.20749,0.96624,-1.7268,-1.2838
0.67847,-0.014491,2.0777,1.2581
0.28232,0.32988,0.39561,0.23826
-0.90611,0.5839,-1.0731,-0.84781
1.0658,-0.87214,1.1721,-0.28337
-0.45568,0.049669,-0.82327,0.36477
-1.4402,0.39797,-0.14253,0.6431
